,Artist,Artist Genre,Song,Popularity,Hit?,Duration,Explicit,Acousticness,Danceability,Energy,Instrumentalness,Key,Liveness,Loudness,Mode,Speechiness,Tempo,Time_Signature,Valence
0,The Gaslight Anthem,"['heartland rock', 'new jersey hardcore', 'new jersey indie', 'new jersey punk', 'skate punk']","""45""",51,1,202493,0,0.000696,0.315,0.97,0,8,0.277,-4.709,1,0.102,178.068,4,0.423
1,The Gaslight Anthem,"['heartland rock', 'new jersey hardcore', 'new jersey indie', 'new jersey punk', 'skate punk']",The '59 Sound,51,1,189986,0,0.0012,0.423,0.943,0.00000508,10,0.263,-3.962,1,0.0917,168.022,4,0.406
2,The Gaslight Anthem,"['heartland rock', 'new jersey hardcore', 'new jersey indie', 'new jersey punk', 'skate punk']",Great Expectations,47,0,185133,0,0.00395,0.546,0.936,0,10,0.347,-4.321,1,0.0657,123.972,4,0.523
3,The Gaslight Anthem,"['heartland rock', 'new jersey hardcore', 'new jersey indie', 'new jersey punk', 'skate punk']",Get Hurt,46,0,223360,0,0.0598,0.526,0.688,0.00322,0,0.0819,-6.483,1,0.0311,162.068,4,0.503
4,The Gaslight Anthem,"['heartland rock', 'new jersey hardcore', 'new jersey indie', 'new jersey punk', 'skate punk']",American Slang,46,0,221253,0,0.000243,0.56,0.821,0.00457,0,0.144,-3.046,1,0.0325,131.95,4,0.742
5,The Gaslight Anthem,"['heartland rock', 'new jersey hardcore', 'new jersey indie', 'new jersey punk', 'skate punk']",Old White Lincoln,45,0,203373,0,0.000626,0.468,0.878,0,0,0.746,-4.669,1,0.0502,167.991,4,0.806
6,The Gaslight Anthem,"['heartland rock', 'new jersey hardcore', 'new jersey indie', 'new jersey punk', 'skate punk']",Blue Jeans & White T-Shirts,44,0,208253,0,0.726,0.479,0.467,0,5,0.162,-7.003,1,0.027,90.777,4,0.197
7,The Gaslight Anthem,"['heartland rock', 'new jersey hardcore', 'new jersey indie', 'new jersey punk', 'skate punk']","Here's Lookin At You, Kid",44,0,216040,0,0.314,0.573,0.505,0.00162,11,0.148,-10.601,1,0.0281,99.873,4,0.0819
8,The Gaslight Anthem,"['heartland rock', 'new jersey hardcore', 'new jersey indie', 'new jersey punk', 'skate punk']",Break Your Heart,41,0,260466,0,0.943,0.661,0.228,0.00072,4,0.108,-15.351,1,0.0278,110.99,4,0.419
9,The Gaslight Anthem,"['heartland rock', 'new jersey hardcore', 'new jersey indie', 'new jersey punk', 'skate punk']",Handwritten,38,0,238253,0,0.000834,0.378,0.89,0.00199,10,0.247,-5.418,1,0.0526,163.727,4,0.717
0,Ritchie Blackmore's Rainbow,['hard rock'],Ariel,40,0,339666,0,0.00319,0.522,0.637,0.00223,0,0.0368,-7.864,1,0.0309,144.843,4,0.393
1,Ritchie Blackmore's Rainbow,['hard rock'],Hall Of The Mountain King,36,0,331226,0,0.00022,0.398,0.804,0.007,7,0.151,-7.408,1,0.0306,163.865,4,0.468
2,Ritchie Blackmore's Rainbow,['hard rock'],The Storm,34,0,257560,0,0.00373,0.592,0.947,0.0000502,5,0.115,-5.312,0,0.0358,96.01,4,0.626
3,Ritchie Blackmore's Rainbow,['hard rock'],Wolf To The Moon,30,0,256813,0,0.00191,0.458,0.914,0.0218,2,0.344,-6.502,0,0.0411,80.839,4,0.484
4,Ritchie Blackmore's Rainbow,['hard rock'],Black Masquerade,28,0,335826,0,0.0042,0.523,0.91,0.0517,9,0.0567,-7.497,0,0.0345,100.886,4,0.784
5,Ritchie Blackmore's Rainbow,['hard rock'],Still I'm Sad,25,0,324600,0,0.00371,0.523,0.827,0.0442,9,0.129,-9.347,1,0.0752,137.835,4,0.194
6,Ritchie Blackmore's Rainbow,['hard rock'],Waiting for a Sign,24,0,299328,0,0.0559,0.598,0.702,0.0000143,9,0.115,-5.603,0,0.0245,88.978,4,0.814
7,Ritchie Blackmore's Rainbow,['hard rock'],Hunting Humans (Insatiable),24,0,344626,0,0.00957,0.699,0.69,0.0275,4,0.106,-6.155,0,0.0367,119.895,4,0.575
8,Ritchie Blackmore's Rainbow,['hard rock'],Black Sheep of the Family,23,0,333800,0,0.00943,0.548,0.904,0.00137,4,0.115,-4.216,1,0.0484,139.942,4,0.835
9,Ritchie Blackmore's Rainbow,['hard rock'],Cold Hearted Woman,22,0,270133,0,0.169,0.605,0.851,0.00099,7,0.329,-7.309,1,0.0286,109.876,4,0.763
0,Skrizzly Adams,"['heartland rock', 'modern alternative rock']",The Stickup (feat. Skrizzly Adams),55,1,203333,1,0.044,0.717,0.726,0.00000112,2,0.0931,-6.227,1,0.333,143.955,4,0.419
1,Skrizzly Adams,"['heartland rock', 'modern alternative rock']",New Dress,49,0,174843,0,0.22,0.552,0.667,0,6,0.21,-5.713,1,0.0383,94.412,4,0.801
2,Skrizzly Adams,"['heartland rock', 'modern alternative rock']",Take a Sip,34,0,201885,0,0.00777,0.589,0.86,0,8,0.18,-4.3,1,0.219,159.982,4,0.878
3,Skrizzly Adams,"['heartland rock', 'modern alternative rock']",Bad Desires,45,0,140445,0,0.033,0.78,0.733,0,1,0.231,-5.958,1,0.0781,129.938,4,0.746
4,Skrizzly Adams,"['heartland rock', 'modern alternative rock']",Dance with Darkness,42,0,202879,0,0.0834,0.631,0.847,0,3,0.318,-4.782,1,0.16,141.965,4,0.704
5,Skrizzly Adams,"['heartland rock', 'modern alternative rock']",Skeletons (with Bryce Fox),38,0,183305,0,0.0359,0.804,0.643,0,6,0.0855,-6.108,1,0.059,117.963,4,0.511
6,Skrizzly Adams,"['heartland rock', 'modern alternative rock']",Flawed (feat. Skrizzly Adams),36,0,268010,1,0.173,0.674,0.714,0,8,0.389,-5.271,0,0.291,83.951,4,0.558
7,Skrizzly Adams,"['heartland rock', 'modern alternative rock']",As I Go (feat. Skrizzly Adams),36,0,213053,1,0.218,0.667,0.559,0,1,0.462,-8.406,0,0.332,80.086,4,0.458
8,Skrizzly Adams,"['heartland rock', 'modern alternative rock']",Sell Your Soul (feat. Skrizzly Adams),33,0,292000,1,0.0458,0.783,0.839,0.00000795,10,0.365,-7.06,0,0.19,127.975,4,0.423
9,Skrizzly Adams,"['heartland rock', 'modern alternative rock']",Cave In,33,0,169545,0,0.107,0.471,0.516,0,8,0.148,-6.908,0,0.0502,125.058,3,0.465
0,Akasha,[],Window,52,1,131200,0,0.945,0.516,0.185,0.945,7,0.111,-12.656,0,0.0406,112.481,3,0.174
1,Akasha,[],Dance of Love,51,1,141176,0,0.73,0.767,0.36,0.713,0,0.194,-11.457,0,0.179,85.016,4,0.367
2,Akasha,[],Wasted Love,50,1,132307,0,0.633,0.724,0.156,0.955,7,0.135,-14.33,0,0.141,78.087,4,0.171
3,Akasha,[],Anywhere,49,0,99428,0,0.726,0.622,0.317,0.957,2,0.132,-11.78,0,0.0427,70.173,4,0.187
4,Akasha,[],Tranquil Wave,47,0,80232,0,0.882,0.58,0.267,0.882,0,0.116,-10.368,0,0.121,172.397,4,0.588
5,Akasha,[],Lost,47,0,121643,0,0.865,0.681,0.23,0.53,1,0.273,-13.735,1,0.0888,73.058,4,0.533
6,Akasha,[],Quarantine Beat,47,0,109333,0,0.916,0.477,0.56,0.704,8,0.131,-10.898,0,0.336,87.121,4,0.47
7,Akasha,[],Thoughts,47,0,88750,0,0.402,0.828,0.472,0.804,8,0.104,-10.694,1,0.123,88.109,4,0.576
8,Akasha,[],French Riviera,46,0,113142,0,0.76,0.685,0.375,0.431,7,0.155,-7.879,0,0.0515,70.024,4,0.25
9,Akasha,[],End of Winter,46,0,107294,0,0.705,0.777,0.512,0.722,2,0.1,-9.376,1,0.0651,169.96,4,0.559
0,The Movement in Codes,['rock tico'],Open Sky,23,0,210028,0,0.162,0.562,0.953,0.00000106,7,0.161,-2.673,0,0.0707,136.953,4,0.628
1,The Movement in Codes,['rock tico'],Trouble in Legoland,9,0,330026,0,0.0000153,0.546,0.906,0.129,2,0.113,-5.445,0,0.0497,130.034,4,0.595
2,The Movement in Codes,['rock tico'],A Love Letter,8,0,217173,0,0.00246,0.551,0.989,0.0102,7,0.0548,-2.167,1,0.0601,137.973,4,0.606
3,The Movement in Codes,['rock tico'],Ricochet,7,0,323900,0,0.0000542,0.511,0.857,0.00555,7,0.36,-6.465,1,0.0531,143.075,4,0.581
4,The Movement in Codes,['rock tico'],Bullets,6,0,247000,0,0.0000215,0.532,0.888,0.0119,6,0.481,-6.032,0,0.0407,97.985,4,0.34
5,The Movement in Codes,['rock tico'],Shadowboxing,6,0,239300,0,0.000019,0.353,0.886,0.221,7,0.108,-4.952,1,0.11,195.861,4,0.533
6,The Movement in Codes,['rock tico'],Firefly Telepathy,5,0,307100,0,0.000027,0.445,0.91,0.00899,5,0.134,-5.885,1,0.0617,191.996,4,0.577
7,The Movement in Codes,['rock tico'],The End (Kamikaze),5,0,198173,0,0.0000174,0.464,0.948,0.103,11,0.0958,-3.968,0,0.0495,126.897,4,0.478
8,The Movement in Codes,['rock tico'],Paint Me a War,4,0,301009,0,0.0435,0.195,0.958,0.00000135,11,0.113,-3.805,0,0.188,161.662,4,0.154
9,The Movement in Codes,['rock tico'],Papercuts,4,0,277835,0,0.00135,0.223,0.981,0.0000481,7,0.315,-2.775,1,0.267,158.003,4,0.256
0,Vin Gordon,['rock steady'],Zionyouth,29,0,190880,0,0.239,0.909,0.512,0.92,5,0.0811,-14.515,0,0.0747,141.703,4,0.984
1,Vin Gordon,['rock steady'],Magnum Force,15,0,191413,0,0.257,0.539,0.741,0.00457,11,0.35,-6.829,1,0.052,181.125,4,0.941
2,Vin Gordon,['rock steady'],Lion's Horns Cut,10,0,257946,0,0.357,0.827,0.653,0.866,1,0.164,-6.665,0,0.0314,113.067,4,0.929
3,Vin Gordon,['rock steady'],Voodoo Man,10,0,219173,0,0.391,0.56,0.336,0.862,6,0.116,-17.67,0,0.0642,81.681,4,0.794
4,Vin Gordon,['rock steady'],Babylon Rock,9,0,184573,0,0.0203,0.948,0.483,0.854,4,0.096,-9.265,0,0.0789,117.954,4,0.954
5,Vin Gordon,['rock steady'],Banana Horns,8,0,280675,0,0.0286,0.858,0.543,0.868,2,0.0928,-13.394,1,0.066,133.494,4,0.898
6,Vin Gordon,['rock steady'],Licky Licky,8,0,184733,0,0.0824,0.645,0.334,0.952,1,0.106,-16.761,1,0.0791,131.651,4,0.632
7,Vin Gordon,['rock steady'],The Message,7,0,151266,0,0.206,0.738,0.362,0.89,1,0.104,-14.491,0,0.104,122.116,3,0.415
8,Vin Gordon,['rock steady'],African Thing,6,0,263226,0,0.0159,0.622,0.834,0.874,0,0.332,-5.976,1,0.0475,100.022,4,0.627
9,Vin Gordon,['rock steady'],Russian Skank,6,0,277200,0,0.847,0.89,0.664,0.959,5,0.449,-5.666,0,0.0402,98.055,4,0.834
0,Mike Ratledge,['rock keyboard'],Cantus - Song Of The Plains - Edit,12,0,238653,0,0.541,0.465,0.357,0.321,5,0.466,-15.573,1,0.0455,79.958,4,0.19
1,Mike Ratledge,['rock keyboard'],In Caelum Fero,10,0,284053,0,0.667,0.42,0.327,0.917,0,0.139,-15.273,1,0.0376,179.947,3,0.257
2,Mike Ratledge,['rock keyboard'],Riddles of The Sphinx Sequence 2,2,0,369878,0,0.995,0.11,0.0553,0.772,2,0.136,-17.917,0,0.0378,70.468,3,0.271
3,Mike Ratledge,['rock keyboard'],Riddles of The Sphinx Sequence 1,1,0,443255,0,0.995,0.153,0.203,0.918,2,0.244,-12.651,1,0.0327,145.35,4,0.0318
4,Mike Ratledge,['rock keyboard'],Riddles of The Sphinx Sequence 5,1,0,261896,0,0.828,0.259,0.229,0.913,8,0.12,-16.138,1,0.0533,124.748,5,0.0742
5,Mike Ratledge,['rock keyboard'],Riddles of The Sphinx Sequence 7,1,0,223254,0,0.952,0.266,0.0454,0.54,7,0.108,-21.851,1,0.044,72.797,1,0.539
6,Mike Ratledge,['rock keyboard'],Riddles of The Sphinx Sequence 3,1,0,396022,0,0.983,0.386,0.19,0.694,5,0.0729,-15.337,1,0.0455,83.248,4,0.112
7,Mike Ratledge,['rock keyboard'],Riddles of The Sphinx Sequence 4,1,0,404190,0,0.972,0.305,0.197,0.972,5,0.111,-24.815,1,0.18,216.541,3,0.911
8,Mike Ratledge,['rock keyboard'],Riddles of The Sphinx Sequence 10,0,0,609772,0,0.984,0.188,0.112,0.86,4,0.0841,-21.195,0,0.0388,77.221,3,0.0568
9,Mike Ratledge,['rock keyboard'],Riddles of The Sphinx Sequence 9,0,0,107268,0,0.83,0.531,0.378,0.971,5,0.112,-24.648,1,0.0785,218.066,3,0.969
0,The Termites,['rock steady'],Love up Kiss Up,14,0,138553,0,0.586,0.636,0.525,0.00123,7,0.104,-7.373,1,0.197,90.9,4,0.873
1,The Termites,['rock steady'],We Gonna Make It,11,0,146409,0,0.608,0.722,0.57,0,0,0.0445,-5.559,1,0.0438,99.506,4,0.942
2,The Termites,['rock steady'],I Can't Stand It - Extended Mix,9,0,408866,0,0.108,0.776,0.459,0.000119,8,0.114,-13.923,1,0.0755,78.853,4,0.62
3,The Termites,['rock steady'],My Last Love,4,0,206506,0,0.5,0.551,0.499,0.0355,5,0.257,-8.604,0,0.19,166.288,4,0.584
4,The Termites,['rock steady'],Love Up Kiss Up,6,0,142360,0,0.384,0.695,0.417,0.0119,7,0.134,-9.829,1,0.164,91.284,4,0.64
5,The Termites,['rock steady'],Breaking Up (Is Hard to Do) [with Tommy McCook & The Supersonics],2,0,189066,0,0.623,0.682,0.436,0.000102,11,0.0976,-10.712,1,0.0754,76.141,4,0.85
6,The Termites,['rock steady'],Devil Call,1,0,214053,0,0.0419,0.474,0.708,0.00000316,2,0.128,-11.439,1,0.053,140.514,4,0.365
7,The Termites,['rock steady'],Do the Rock Steady,2,0,239000,0,0.904,0.783,0.394,0.0678,7,0.0998,-11.037,1,0.138,90.444,4,0.582
8,The Termites,['rock steady'],Who's That Chick,2,0,178840,1,0.000625,0.373,0.917,0,4,0.0965,-8.345,0,0.0572,142.414,4,0.73
9,The Termites,['rock steady'],Attractive Girl,2,0,134217,0,0.588,0.67,0.297,0.735,11,0.0468,-16.829,0,0.305,172.907,4,0.952
0,Sangre Avandaro,['rock urbano mexicano'],Déjalo,35,0,301680,0,0.000804,0.466,0.859,0.0000558,9,0.0957,-6.043,0,0.0344,143.917,4,0.388
1,Sangre Avandaro,['rock urbano mexicano'],Con el Esqueleto Profundo,31,0,261920,0,0.0393,0.5,0.838,0.00000283,4,0.107,-5.775,1,0.0339,142.017,4,0.349
2,Sangre Avandaro,['rock urbano mexicano'],El Se Largó,26,0,306680,0,0.000345,0.243,0.953,0.00000468,11,0.147,-4.864,0,0.0972,78.147,4,0.374
3,Sangre Avandaro,['rock urbano mexicano'],Ella Ya Murió,26,0,343720,0,0.0023,0.18,0.874,0.03,2,0.101,-5.89,0,0.0563,92.542,4,0.111
4,Sangre Avandaro,['rock urbano mexicano'],Déjame Verte Sonreir,24,0,315453,0,0.288,0.497,0.657,0.476,7,0.171,-8.331,1,0.0301,124.909,4,0.205
5,Sangre Avandaro,['rock urbano mexicano'],Políticos Huevones,19,0,197826,0,0.00078,0.473,0.875,0.00000971,4,0.0611,-5.029,0,0.0406,77.487,4,0.507
6,Sangre Avandaro,['rock urbano mexicano'],Una Experiencia Más,18,0,384106,0,0.205,0.409,0.924,0.063,9,0.0992,-7.505,0,0.0848,77.54,4,0.294
7,Sangre Avandaro,['rock urbano mexicano'],Una Mujer,17,0,308243,0,0.0572,0.422,0.622,0.00000119,7,0.222,-10.659,1,0.0326,139.962,4,0.757
8,Sangre Avandaro,['rock urbano mexicano'],Con Tu Mirada,17,0,316880,0,0.668,0.513,0.383,0.406,2,0.109,-10.878,1,0.0305,109.927,4,0.143
9,Sangre Avandaro,['rock urbano mexicano'],El Gusano,15,0,257333,0,0.00998,0.48,0.816,0.00404,9,0.0815,-7.508,1,0.061,178.284,4,0.456
0,Curtis Gordon,"['rockabilly', 'traditional rockabilly']",I'm Sitting on Top of the World,4,0,114240,0,0.812,0.74,0.456,0.0000736,2,0.0775,-16.389,1,0.0423,105.967,4,0.922
1,Curtis Gordon,"['rockabilly', 'traditional rockabilly']",From Memphis to New Orleans,1,0,125253,0,0.741,0.583,0.586,0.0327,9,0.113,-7.345,1,0.0319,77.721,4,0.917
2,Curtis Gordon,"['rockabilly', 'traditional rockabilly']",Greatest Love,0,0,289014,0,0.0847,0.806,0.474,0.00000274,10,0.151,-7.784,0,0.247,141.995,4,0.518
0,Pasos Sin Rumbo,['rock urbano mexicano'],Y Ahora Resulta,22,0,246613,0,0.133,0.402,0.953,0,7,0.31,-2.195,1,0.0646,150.477,4,0.747
1,Pasos Sin Rumbo,['rock urbano mexicano'],Te Voy a Olvidar,15,0,318110,0,0.0387,0.296,0.948,0.0000226,9,0.216,-2.802,0,0.118,146.365,4,0.338
2,Pasos Sin Rumbo,['rock urbano mexicano'],Quien,11,0,311563,0,0.117,0.28,0.924,0.0000149,7,0.187,-2.372,1,0.0517,130.889,4,0.553
3,Pasos Sin Rumbo,['rock urbano mexicano'],El Loco,10,0,297870,0,0.134,0.278,0.935,0,9,0.0906,-2.115,1,0.098,153.735,4,0.672
4,Pasos Sin Rumbo,['rock urbano mexicano'],Antes de Que Digas Adios,9,0,251866,0,0.0873,0.359,0.952,0.00000292,7,0.107,-3.256,1,0.0814,155.725,4,0.553
5,Pasos Sin Rumbo,['rock urbano mexicano'],El Truhan,9,0,299123,0,0.219,0.374,0.978,0,7,0.0946,-2.363,1,0.0548,145.252,4,0.601
6,Pasos Sin Rumbo,['rock urbano mexicano'],96º de Alcohol,8,0,264190,0,0.00323,0.331,0.928,0.0116,2,0.676,-6.051,1,0.167,82.995,4,0.293
7,Pasos Sin Rumbo,['rock urbano mexicano'],La Sombra,8,0,299350,0,0.104,0.316,0.947,0.000642,7,0.154,-3.128,1,0.0782,150.661,4,0.595
8,Pasos Sin Rumbo,['rock urbano mexicano'],Ebrio de Amor,7,0,297786,0,0.0152,0.348,0.953,0.0000262,7,0.0789,-3.675,1,0.051,153.781,4,0.63
9,Pasos Sin Rumbo,['rock urbano mexicano'],Dos de Noviembre,7,0,436323,0,0.24,0.242,0.789,0.000283,0,0.695,-6.051,1,0.16,169.074,4,0.272
0,Fates Warning,"['metal', 'neo classical metal', 'progressive metal', 'us power metal']",One,33,0,266413,0,0.0018,0.528,0.879,0.000111,9,0.209,-5.343,1,0.0545,90.062,3,0.553
1,Fates Warning,"['metal', 'neo classical metal', 'progressive metal', 'us power metal']",Now Comes the Rain,27,0,254879,0,0.00788,0.542,0.783,0.00539,10,0.077,-6.714,0,0.0302,88.499,4,0.541
2,Fates Warning,"['metal', 'neo classical metal', 'progressive metal', 'us power metal']",The Apparition,26,0,350973,0,0.0181,0.217,0.92,0,5,0.301,-5.882,0,0.0685,85.708,4,0.447
3,Fates Warning,"['metal', 'neo classical metal', 'progressive metal', 'us power metal']",Scars,23,0,304932,0,0.00211,0.547,0.922,0.0275,4,0.112,-6.352,1,0.0986,121.978,4,0.31
4,Fates Warning,"['metal', 'neo classical metal', 'progressive metal', 'us power metal']",Seven Stars,24,0,333573,0,0.0000486,0.462,0.953,0.00000529,2,0.216,-5.287,0,0.065,126.005,4,0.507
5,Fates Warning,"['metal', 'neo classical metal', 'progressive metal', 'us power metal']",The Destination Onward,23,0,492485,0,0.00295,0.481,0.754,0.342,9,0.0842,-8.726,1,0.0601,139.97,4,0.0461
6,Fates Warning,"['metal', 'neo classical metal', 'progressive metal', 'us power metal']",Eye to Eye,23,0,245440,0,0.0841,0.533,0.725,0,1,0.231,-9.128,0,0.0327,115.147,4,0.451
7,Fates Warning,"['metal', 'neo classical metal', 'progressive metal', 'us power metal']",Shuttered World,22,0,313919,0,0.0000317,0.553,0.921,0.356,8,0.356,-6.087,1,0.12,117.981,4,0.21
8,Fates Warning,"['metal', 'neo classical metal', 'progressive metal', 'us power metal']",Alone We Walk,22,0,283568,0,0.0203,0.601,0.801,0.000243,1,0.105,-6.906,0,0.059,146.987,1,0.398
9,Fates Warning,"['metal', 'neo classical metal', 'progressive metal', 'us power metal']",Under the Sun,21,0,349409,0,0.141,0.355,0.53,0.000582,10,0.103,-7.957,0,0.0276,94.024,4,0.162
0,Johnnie Ray,"['adult standards', 'brill building pop', 'deep adult standards', 'easy listening', 'lounge', 'rock-and-roll']",Just Walkin' in the Rain,48,0,157240,0,0.87,0.638,0.188,0,5,0.0739,-16.788,1,0.0363,97.189,4,0.693
1,Johnnie Ray,"['adult standards', 'brill building pop', 'deep adult standards', 'easy listening', 'lounge', 'rock-and-roll']",Cry,46,0,181693,0,0.849,0.479,0.0952,0,0,0.657,-15.5,1,0.0274,69.784,4,0.35
2,Johnnie Ray,"['adult standards', 'brill building pop', 'deep adult standards', 'easy listening', 'lounge', 'rock-and-roll']",Just Walking In The Rain,17,0,167666,0,0.643,0.7,0.166,0,0,0.0723,-14.805,1,0.0382,90.029,4,0.552
3,Johnnie Ray,"['adult standards', 'brill building pop', 'deep adult standards', 'easy listening', 'lounge', 'rock-and-roll']","Hey There - from The ""Pajama Game""",24,0,172440,0,0.707,0.414,0.142,0,5,0.204,-15.769,0,0.0277,65.059,4,0.312
4,Johnnie Ray,"['adult standards', 'brill building pop', 'deep adult standards', 'easy listening', 'lounge', 'rock-and-roll']",Such a Night,24,0,133133,0,0.667,0.722,0.371,0,9,0.124,-16.712,1,0.151,94.821,4,0.92
5,Johnnie Ray,"['adult standards', 'brill building pop', 'deep adult standards', 'easy listening', 'lounge', 'rock-and-roll']",Walkin' My Baby Back Home,22,0,140306,0,0.949,0.718,0.0558,0,2,0.0916,-19.227,1,0.109,128.949,5,0.598
6,Johnnie Ray,"['adult standards', 'brill building pop', 'deep adult standards', 'easy listening', 'lounge', 'rock-and-roll']",The Little White Cloud That Cried,20,0,133933,0,0.968,0.46,0.0206,0.0000321,7,0.144,-19.235,1,0.0368,131.701,4,0.264
7,Johnnie Ray,"['adult standards', 'brill building pop', 'deep adult standards', 'easy listening', 'lounge', 'rock-and-roll']","As Time Goes By (with Percy Faith & His Orchestra) - From ""Casablanca""",18,0,191933,0,0.909,0.321,0.236,0.0053,9,0.387,-12.161,0,0.0311,73.516,4,0.288
8,Johnnie Ray,"['adult standards', 'brill building pop', 'deep adult standards', 'easy listening', 'lounge', 'rock-and-roll']",Up Above My Head (I Hear Music in the Air) (with Ray Conniff & His Orchestra),17,0,131906,0,0.378,0.515,0.807,0,0,0.369,-7.076,1,0.144,172.255,4,0.872
9,Johnnie Ray,"['adult standards', 'brill building pop', 'deep adult standards', 'easy listening', 'lounge', 'rock-and-roll']",I Love You Baby (Te Quiero Mucho),0,0,238053,0,0.153,0.728,0.789,0.0000595,7,0.118,-8.77,1,0.0334,127.173,4,0.914
0,Desmond Dekker & The Aces,"['reggae', 'rock steady', 'ska', 'ska revival']",007 (Shanty Town),57,1,152866,0,0.155,0.831,0.65,0.262,9,0.105,-4.508,1,0.06,101.681,4,0.826
1,Desmond Dekker & The Aces,"['reggae', 'rock steady', 'ska', 'ska revival']",Fu Man Chu,45,0,193614,0,0.704,0.66,0.394,0.00132,4,0.244,-9.752,0,0.042,83.696,4,0.797
2,Desmond Dekker & The Aces,"['reggae', 'rock steady', 'ska', 'ska revival']",Israelites,37,0,157693,0,0.812,0.709,0.5,0.00000188,10,0.0915,-8.59,1,0.0488,73.359,4,0.973
3,Desmond Dekker & The Aces,"['reggae', 'rock steady', 'ska', 'ska revival']",Rudie Got Soul,32,0,169200,0,0.833,0.831,0.583,0.414,3,0.184,-10.345,1,0.0301,109.634,4,0.968
4,Desmond Dekker & The Aces,"['reggae', 'rock steady', 'ska', 'ska revival']",Beautiful and Dangerous,27,0,169346,0,0.452,0.842,0.344,0.000871,8,0.139,-11.514,0,0.0678,80.256,4,0.892
5,Desmond Dekker & The Aces,"['reggae', 'rock steady', 'ska', 'ska revival']",(Poor Mi) Israelites,6,0,154986,0,0.258,0.737,0.533,0.00094,10,0.077,-10.133,1,0.0578,74.112,4,0.97
6,Desmond Dekker & The Aces,"['reggae', 'rock steady', 'ska', 'ska revival']",Rude Boy Train,26,0,138786,0,0.693,0.597,0.479,0,8,0.327,-8.808,1,0.0787,182.295,4,0.828
7,Desmond Dekker & The Aces,"['reggae', 'rock steady', 'ska', 'ska revival']",Mother's Young Gal,25,0,178426,0,0.866,0.759,0.483,0.951,5,0.183,-9.587,1,0.0283,92.985,4,0.746
8,Desmond Dekker & The Aces,"['reggae', 'rock steady', 'ska', 'ska revival']",Keep a Cool Head,24,0,126226,0,0.774,0.786,0.419,0,8,0.0808,-8.443,1,0.0313,80.515,4,0.921
9,Desmond Dekker & The Aces,"['reggae', 'rock steady', 'ska', 'ska revival']",Get Up Adina,24,0,160280,0,0.0631,0.693,0.865,0.591,8,0.0563,-6.781,1,0.0569,143.079,4,0.974
0,Baba Brooks & His Band,['rock steady'],Really Now,19,0,139026,0,0.76,0.875,0.525,0.269,7,0.0733,-7.38,1,0.0976,129.447,4,0.953
1,Baba Brooks & His Band,['rock steady'],Catch a Fire,13,0,160293,0,0.439,0.891,0.525,0.931,3,0.277,-9.314,1,0.138,126.216,4,0.843
2,Baba Brooks & His Band,['rock steady'],Run Joe,9,0,149346,0,0.173,0.844,0.425,0.00766,0,0.212,-8.458,1,0.0501,128.515,4,0.702
3,Baba Brooks & His Band,['rock steady'],King Size Ska,9,0,166253,0,0.904,0.909,0.848,0.931,0,0.0865,-9.62,0,0.0439,118.757,4,0.988
4,Baba Brooks & His Band,['rock steady'],Faberge,9,0,172840,0,0.167,0.802,0.401,0.000216,5,0.11,-11.866,1,0.0347,122.655,4,0.845
5,Baba Brooks & His Band,['rock steady'],River Bank - Pt. 1,2,0,125680,0,0.277,0.841,0.606,0.867,7,0.0953,-7.314,1,0.0971,135.635,4,0.781
6,Baba Brooks & His Band,['rock steady'],The Clock - Take 1,2,0,186466,0,0.47,0.849,0.469,0.896,5,0.144,-9.81,1,0.0491,114.538,4,0.964
7,Baba Brooks & His Band,['rock steady'],Alcatraz - Take 2,2,0,172333,0,0.655,0.778,0.844,0.881,0,0.168,-6.598,1,0.0399,125.472,4,0.987
8,Baba Brooks & His Band,['rock steady'],Nightfall,2,0,157026,0,0.833,0.727,0.793,0.893,10,0.122,-7.639,1,0.0375,120.445,4,0.971
9,Baba Brooks & His Band,['rock steady'],Duck Soup,1,0,152133,0,0.464,0.857,0.7,0.461,0,0.23,-8.201,0,0.0387,140.005,4,0.947
0,Roy Shirley,['rock steady'],Hold Them,36,0,167173,0,0.135,0.739,0.523,0,3,0.111,-5.988,1,0.0854,98.642,4,0.944
1,Roy Shirley,['rock steady'],Hold Them,24,0,164586,0,0.865,0.737,0.345,0.467,11,0.117,-10.956,1,0.112,103.241,4,0.939
2,Roy Shirley,['rock steady'],Dance Up the Reggae Music,12,0,170546,0,0.399,0.83,0.611,0.242,7,0.0585,-6.542,1,0.0527,144.644,4,0.863
3,Roy Shirley,['rock steady'],Musical Train,11,0,179151,0,0.457,0.851,0.182,0,2,0.152,-14.509,1,0.0371,94.925,4,0.894
4,Roy Shirley,['rock steady'],If I Did Know,11,0,178080,0,0.387,0.648,0.456,0,6,0.0726,-8.487,1,0.0767,78.943,4,0.738
5,Roy Shirley,['rock steady'],Israelites Leave Babylon,5,0,209546,0,0.00758,0.806,0.475,0.00926,2,0.0781,-9.958,1,0.226,91.052,4,0.575
6,Roy Shirley,['rock steady'],Get Yourself Moving,3,0,219066,0,0.718,0.747,0.489,0.185,2,0.0704,-7.927,1,0.112,78.148,4,0.567
7,Roy Shirley,['rock steady'],Calling,7,0,151946,0,0.914,0.558,0.551,0,7,0.204,-9.393,1,0.0488,121.188,4,0.972
8,Roy Shirley,['rock steady'],Don't Fight Against Good Ambition,3,0,176066,0,0.614,0.734,0.588,0,8,0.0601,-6.435,1,0.0306,78.434,4,0.792
9,Roy Shirley,['rock steady'],Give Me the Latest Dance,1,0,171573,0,0.076,0.746,0.294,0,2,0.06,-12.683,1,0.0964,82.201,4,0.747
0,The Gaylettes,['rock steady'],Son of a Preacher Man,40,0,151026,0,0.194,0.555,0.818,0.00777,10,0.187,-3.49,1,0.0737,171.759,4,0.805
1,The Gaylettes,['rock steady'],Groovin',31,0,189533,0,0.224,0.629,0.481,0.214,5,0.132,-7.219,1,0.0267,89.769,4,0.715
2,The Gaylettes,['rock steady'],Silent River Runs Deep,21,0,159504,0,0.561,0.67,0.543,0.000619,1,0.0765,-4.869,1,0.0479,181.55,4,0.886
3,The Gaylettes,['rock steady'],That's How Strong My Love Is,19,0,153920,0,0.000328,0.245,0.573,0.0573,0,0.314,-6.125,1,0.0326,89.424,1,0.434
4,The Gaylettes,['rock steady'],Here Comes That Feeling,19,0,154493,0,0.748,0.425,0.585,0.000479,2,0.183,-5.241,1,0.0449,73.041,4,0.685
5,The Gaylettes,['rock steady'],Surround Yourself With Sorrow,11,0,197400,0,0.0274,0.48,0.548,0.104,10,0.123,-8.005,1,0.0299,158.89,4,0.821
6,The Gaylettes,['rock steady'],Silent River [Runs Deep],10,0,159546,0,0.581,0.65,0.535,0.000196,1,0.0689,-4.92,1,0.0728,180.885,4,0.718
7,The Gaylettes,['rock steady'],I Like Your World,9,0,178201,0,0.157,0.598,0.551,0.00042,2,0.297,-5.037,1,0.0323,176.693,4,0.955
8,The Gaylettes,['rock steady'],If You Can't Be Good,4,0,165000,0,0.641,0.57,0.595,0.0272,3,0.082,-8.842,1,0.0356,79.253,4,0.95
9,The Gaylettes,['rock steady'],Zip A Dee Doo Dah,6,0,192946,0,0.0119,0.672,0.724,0.077,7,0.133,-8.502,1,0.0422,74.263,4,0.975
0,Lynn Taitt & The Jets,['rock steady'],Napoleon Solo,29,0,150869,0,0.567,0.837,0.372,0.858,7,0.186,-14.901,1,0.0505,162.928,4,0.895
1,Lynn Taitt & The Jets,['rock steady'],To Sir With Love,11,0,161797,0,0.875,0.866,0.247,0.878,10,0.0857,-15.586,1,0.0886,97.35,4,0.791
2,Lynn Taitt & The Jets,['rock steady'],Batman,6,0,141080,0,0.308,0.541,0.577,0.213,10,0.129,-7.671,1,0.0982,170.024,4,0.688
3,Lynn Taitt & The Jets,['rock steady'],Why Did You Leave Me,5,0,156150,0,0.743,0.815,0.335,0.808,5,0.0998,-16.959,1,0.0669,89.842,4,0.788
4,Lynn Taitt & The Jets,['rock steady'],Pressure And Slide,5,0,154448,0,0.286,0.838,0.338,0.885,10,0.0706,-13.574,1,0.101,82.356,4,0.741
5,Lynn Taitt & The Jets,['rock steady'],Solomon,3,0,185399,0,0.247,0.806,0.436,0.867,2,0.0741,-14.463,1,0.0728,80.819,4,0.456
6,Lynn Taitt & The Jets,['rock steady'],Rocking Mood,3,0,188240,0,0.287,0.715,0.554,0.909,2,0.0665,-7.294,1,0.0514,173.367,4,0.85
7,Lynn Taitt & The Jets,['rock steady'],Check Point Charlie,3,0,209254,0,0.885,0.625,0.461,0.115,0,0.221,-9.185,1,0.129,178.253,4,0.945
8,Lynn Taitt & The Jets,['rock steady'],Winey Winey,3,0,137526,0,0.769,0.778,0.291,0.884,7,0.0767,-15.458,1,0.259,178.697,4,0.884
9,Lynn Taitt & The Jets,['rock steady'],Soul Shot,3,0,185876,0,0.635,0.866,0.298,0.837,5,0.105,-15.207,1,0.0709,89.461,4,0.9
0,Gladstone Anderson,['rock steady'],A.B.C. Rocksteady,33,0,132506,0,0.557,0.685,0.493,0.847,2,0.0437,-8.25,0,0.0535,166.643,4,0.487
1,Gladstone Anderson,['rock steady'],It May Sound Silly,10,0,189266,0,0.114,0.623,0.47,0.227,3,0.483,-13.761,1,0.042,83.12,4,0.938
2,Gladstone Anderson,['rock steady'],If I Only Had Time,9,0,183066,0,0.517,0.701,0.2,0.175,7,0.11,-9.569,1,0.0292,88.164,4,0.289
3,Gladstone Anderson,['rock steady'],Portrait of Inga,8,0,173600,0,0.0843,0.941,0.23,0.799,0,0.307,-15.13,1,0.168,109.354,4,0.918
4,Gladstone Anderson,['rock steady'],Intensified '68,8,0,130800,0,0.19,0.84,0.721,0.743,0,0.0555,-6.764,0,0.123,84.202,4,0.966
5,Gladstone Anderson,['rock steady'],Leaving Rome,7,0,168533,0,0.000887,0.75,0.316,0.256,4,0.0758,-13.498,0,0.0584,112.742,4,0.902
6,Gladstone Anderson,['rock steady'],Chances,7,0,155400,0,0.29,0.846,0.473,0.404,3,0.0481,-7.858,1,0.0395,93.724,4,0.846
7,Gladstone Anderson,['rock steady'],Mudie's Groove,7,0,182426,0,0.0084,0.903,0.295,0.819,8,0.0567,-17.464,1,0.301,142.312,4,0.967
8,Gladstone Anderson,['rock steady'],Mad Mad Ivy,6,0,209266,0,0.0165,0.651,0.485,0.499,1,0.136,-14.337,1,0.127,169.042,4,0.97
9,Gladstone Anderson,['rock steady'],Holy Mount Zion,6,0,198106,0,0.317,0.836,0.415,0.0403,11,0.0699,-9.044,0,0.0618,131.56,4,0.61
0,The Chosen Few,['rock steady'],Message from a Black Man,39,0,231546,0,0.0308,0.826,0.369,0,2,0.088,-9.187,1,0.0515,106.662,4,0.787
1,The Chosen Few,['rock steady'],People Make the World Go Round,35,0,198680,0,0.699,0.772,0.463,0.0328,3,0.154,-10.481,1,0.0317,89.228,1,0.95
2,The Chosen Few,['rock steady'],"Theme from ""Shaft""",22,0,216826,0,0.0788,0.875,0.569,0.49,4,0.0705,-6.535,0,0.242,95.321,4,0.456
3,The Chosen Few,['rock steady'],Psychedelic Train - Pt. 1,17,0,170693,0,0.394,0.916,0.496,0.0267,10,0.0812,-12.736,1,0.0555,99.242,4,0.837
4,The Chosen Few,['rock steady'],I Second That Emotion,15,0,190253,0,0.278,0.768,0.366,0,2,0.0531,-13.607,1,0.0769,90.858,4,0.84
5,The Chosen Few,['rock steady'],Raggae Stuff,11,0,208506,0,0.00173,0.718,0.712,0.226,2,0.0473,-7.207,1,0.0487,90.413,4,0.396
6,The Chosen Few,['rock steady'],My Thing,11,0,204341,0,0.616,0.66,0.595,0.00026,11,0.0687,-4.913,0,0.139,78.446,4,0.647
7,The Chosen Few,['rock steady'],I Love The Way You Love,10,0,233056,0,0.39,0.591,0.633,0.0000144,9,0.296,-5.267,0,0.0695,170.128,4,0.784
8,The Chosen Few,['rock steady'],Appalachian Moonlight,9,0,253933,0,0.642,0.693,0.324,0,6,0.0541,-8.823,1,0.0284,116.032,4,0.542
9,The Chosen Few,['rock steady'],La La At the End,8,0,234600,0,0.175,0.801,0.447,0.00584,9,0.179,-13.989,1,0.0944,94.667,4,0.947
0,Werly Fairburn,"['rockabilly', 'traditional rockabilly']",Everybody's Rockin',6,0,116466,0,0.31,0.789,0.548,0,1,0.0325,-9.681,1,0.0296,91.096,4,0.91
1,Werly Fairburn,"['rockabilly', 'traditional rockabilly']",Telephone Baby - 1957,2,0,145145,0,0.693,0.537,0.713,0,2,0.134,-8.765,1,0.0398,166.069,4,0.933
2,Werly Fairburn,"['rockabilly', 'traditional rockabilly']",All the Time - 1956,5,0,144080,0,0.6,0.821,0.56,0,7,0.0786,-13.506,1,0.0351,106.673,4,0.975
3,Werly Fairburn,"['rockabilly', 'traditional rockabilly']",I'm Jealous,2,0,134400,0,0.818,0.865,0.712,0,10,0.0441,-3.36,1,0.038,110.767,4,0.966
4,Werly Fairburn,"['rockabilly', 'traditional rockabilly']",Everybody's Rockin',3,0,113533,0,0.641,0.802,0.736,0,1,0.0346,-4.036,1,0.0332,91.517,4,0.961
5,Werly Fairburn,"['rockabilly', 'traditional rockabilly']",I'm a Fool About Your Love - 1956,2,0,121000,0,0.731,0.827,0.948,0,0,0.0918,-5.732,1,0.0399,124.373,4,0.988
6,Werly Fairburn,"['rockabilly', 'traditional rockabilly']",I Guess I'm Crazy - 1955,1,0,155440,0,0.737,0.671,0.172,0,6,0.0487,-12.412,1,0.0273,101.603,4,0.476
7,Werly Fairburn,"['rockabilly', 'traditional rockabilly']",There's Something on Your Mind - 1967,0,0,138271,0,0.795,0.578,0.497,0,9,0.332,-7.294,1,0.026,78.637,4,0.882
8,Werly Fairburn,"['rockabilly', 'traditional rockabilly']",Everybody's Rockin' - 1956,1,0,115640,0,0.928,0.817,0.399,0.0000516,8,0.096,-13.56,1,0.0482,91.568,4,0.961
9,Werly Fairburn,"['rockabilly', 'traditional rockabilly']",My Heart's on Fire - 1957,1,0,139973,0,0.974,0.709,0.728,0.718,4,0.293,-6.508,1,0.0357,114.294,4,0.919
0,Rudy Grayzell,"['rockabilly', 'vintage rockabilly']",Judy,8,0,137800,0,0.583,0.628,0.472,0.0000222,9,0.298,-11.209,1,0.0792,73.229,4,0.959
1,Rudy Grayzell,"['rockabilly', 'vintage rockabilly']",Let's Get Wild,6,0,170640,0,0.492,0.421,0.865,0,0,0.191,-9.288,1,0.173,107.782,4,0.689
2,Rudy Grayzell,"['rockabilly', 'vintage rockabilly']",Judy,1,0,123028,0,0.777,0.56,0.536,0,9,0.14,-8.361,1,0.0889,78.774,4,0.869
3,Rudy Grayzell,"['rockabilly', 'vintage rockabilly']",Ducktail,3,0,151333,0,0.814,0.669,0.696,0,0,0.1,-8.188,0,0.0742,111.732,4,0.887
4,Rudy Grayzell,"['rockabilly', 'vintage rockabilly']",There's Gonna Be A Ball,0,0,168306,0,0.724,0.775,0.473,0.0000199,7,0.156,-10.603,1,0.0447,110.329,4,0.961
5,Rudy Grayzell,"['rockabilly', 'vintage rockabilly']",Let's Get Wild,1,0,169320,0,0.664,0.433,0.95,0,0,0.17,-3.797,1,0.207,107.598,4,0.627
6,Rudy Grayzell,"['rockabilly', 'vintage rockabilly']",Hearts Made Of Stone,0,0,178946,0,0.713,0.701,0.281,0,3,0.186,-10.792,1,0.0414,119.823,4,0.703
7,Rudy Grayzell,"['rockabilly', 'vintage rockabilly']",I Think Of You,0,0,154413,0,0.886,0.57,0.0505,0.0000812,9,0.117,-14.817,0,0.0335,98.59,4,0.383
8,Rudy Grayzell,"['rockabilly', 'vintage rockabilly']",Duck Tail,0,0,154133,0,0.715,0.743,0.621,0,11,0.158,-11.147,1,0.0786,108.804,4,0.726
9,Rudy Grayzell,"['rockabilly', 'vintage rockabilly']",You're Gone,0,0,122693,0,0.676,0.408,0.718,0,4,0.0674,-10.725,1,0.0993,207.493,4,0.816
0,Heavy Nopal,['rock urbano mexicano'],No Tengo Tiempo,58,1,265589,0,0.0889,0.627,0.524,0.0014,0,0.3,-17.369,1,0.034,71.309,4,0.787
1,Heavy Nopal,['rock urbano mexicano'],Fue en un Café,48,0,168948,0,0.517,0.654,0.538,0,4,0.0933,-12.341,1,0.0351,118.338,4,0.914
2,Heavy Nopal,['rock urbano mexicano'],Hotel California,43,0,389863,0,0.169,0.484,0.535,0.0000046,0,0.101,-14.663,1,0.0409,150.097,4,0.54
3,Heavy Nopal,['rock urbano mexicano'],Asalto Chido,43,0,203685,0,0.0164,0.467,0.634,0,2,0.158,-15.649,1,0.0637,75.189,4,0.75
4,Heavy Nopal,['rock urbano mexicano'],Con Estas Flores,33,0,214552,0,0.0782,0.607,0.742,0.00000231,0,0.0647,-5.092,1,0.0283,142.86,4,0.849
5,Heavy Nopal,['rock urbano mexicano'],Aviéntense Todos,30,0,214598,0,0.00538,0.41,0.929,0.00303,4,0.195,-5.443,1,0.0857,171.858,3,0.811
6,Heavy Nopal,['rock urbano mexicano'],"Te Vas a Acordar de Mí, Anda Borracho Pancho, Tlatelolco Místico, No Tengo Tiempo - Unidos por el Rock",30,0,336725,0,0.337,0.609,0.83,0,0,0.154,-5.694,1,0.0545,139.894,4,0.714
7,Heavy Nopal,['rock urbano mexicano'],Metro Balderas,25,0,332834,0,0.0192,0.371,0.366,0,7,0.231,-17.037,1,0.0424,107.905,4,0.485
8,Heavy Nopal,['rock urbano mexicano'],Chavo Banda,24,0,194025,0,0.316,0.637,0.909,0,9,0.229,-4.998,1,0.0335,141.974,4,0.795
9,Heavy Nopal,['rock urbano mexicano'],Dulce Rockanrolera,24,0,173174,0,0.0928,0.325,0.93,0.0364,7,0.46,-12.473,1,0.0384,148.35,4,0.624
0,Sur 16,['rock urbano mexicano'],En Dos,47,0,212520,0,0.182,0.344,0.722,0,0,0.0899,-2.342,1,0.0323,143.254,4,0.556
1,Sur 16,['rock urbano mexicano'],Dime,41,0,302230,0,0.0999,0.595,0.855,0.00000397,0,0.148,-3.127,1,0.0537,143.059,4,0.438
2,Sur 16,['rock urbano mexicano'],Una Vez Más,40,0,218026,0,0.0155,0.499,0.804,0,2,0.325,-7.59,1,0.0448,152.792,4,0.853
3,Sur 16,['rock urbano mexicano'],Siénteme,38,0,310560,0,0.287,0.432,0.83,0.000469,5,0.117,-3.048,1,0.0641,161.457,4,0.241
4,Sur 16,['rock urbano mexicano'],Bellos Recuerdos,35,0,269520,0,0.0686,0.591,0.929,0.00012,7,0.182,-2.672,1,0.0582,141.614,4,0.879
5,Sur 16,['rock urbano mexicano'],Bien Sabes Tú,34,0,199146,0,0.00345,0.406,0.665,0.0000234,4,0.334,-7.768,0,0.0792,74.939,4,0.56
6,Sur 16,['rock urbano mexicano'],Déjame por Favor,32,0,167706,0,0.738,0.678,0.319,0,4,0.374,-10.606,0,0.343,67.875,4,0.622
7,Sur 16,['rock urbano mexicano'],Calles Húmedas,31,0,315094,0,0.0411,0.408,0.578,0.00000113,4,0.126,-7.93,0,0.0305,144.037,4,0.637
8,Sur 16,['rock urbano mexicano'],Cuando Vuelva el Invierno,31,0,258440,0,0.0525,0.604,0.831,0.0000758,9,0.217,-7.919,1,0.041,141.36,4,0.841
9,Sur 16,['rock urbano mexicano'],Cuando Preguntan por Ti,30,0,233360,0,0.034,0.676,0.492,0.000643,6,0.0731,-15.344,0,0.0527,150.992,4,0.887
0,Sam Smith,"['dance pop', 'pop', 'post-teen pop', 'uk pop']",Stay With Me,81,1,172723,0,0.588,0.418,0.42,0.0000639,0,0.11,-6.444,1,0.0414,84.094,4,0.184
1,Sam Smith,"['dance pop', 'pop', 'post-teen pop', 'uk pop']",I'm Not The Only One,80,1,239316,0,0.529,0.677,0.485,0.0000204,5,0.0766,-5.795,1,0.0361,82.001,4,0.493
2,Sam Smith,"['dance pop', 'pop', 'post-teen pop', 'uk pop']",Too Good At Goodbyes,72,1,201000,0,0.64,0.681,0.372,0,5,0.169,-8.237,1,0.0432,91.873,4,0.476
3,Sam Smith,"['dance pop', 'pop', 'post-teen pop', 'uk pop']",Dancing With A Stranger (with Normani),68,1,171029,0,0.447,0.741,0.52,0.00000197,8,0.222,-7.513,1,0.0656,102.998,4,0.347
4,Sam Smith,"['dance pop', 'pop', 'post-teen pop', 'uk pop']",Diamonds,73,1,213869,0,0.161,0.637,0.666,0,10,0.108,-6.773,0,0.0494,104.02,4,0.529
5,Sam Smith,"['dance pop', 'pop', 'post-teen pop', 'uk pop']",Promises (with Sam Smith),77,1,213309,0,0.0119,0.781,0.768,0.00000491,11,0.325,-5.991,1,0.0394,123.07,4,0.486
6,Sam Smith,"['dance pop', 'pop', 'post-teen pop', 'uk pop']",How Do You Sleep?,67,1,202204,0,0.154,0.561,0.685,0,1,0.077,-4.891,0,0.0835,165.944,4,0.363
7,Sam Smith,"['dance pop', 'pop', 'post-teen pop', 'uk pop']",Lay Me Down,73,1,219535,0,0.919,0.468,0.19,0,4,0.107,-11.138,1,0.0373,125.319,4,0.326
8,Sam Smith,"['dance pop', 'pop', 'post-teen pop', 'uk pop']",Fire On Fire,72,1,246735,0,0.476,0.584,0.408,0,1,0.18,-7.356,0,0.0461,115.129,4,0.333
9,Sam Smith,"['dance pop', 'pop', 'post-teen pop', 'uk pop']",To Die For,61,1,193795,0,0.832,0.461,0.362,0.00000285,0,0.098,-7.87,1,0.0762,171.604,4,0.309
0,Blues Boys,['rock urbano mexicano'],El Perdedor,50,1,214366,0,0.00939,0.394,0.344,0.0000164,9,0.0863,-14.798,1,0.0815,150.118,4,0.297
1,Blues Boys,['rock urbano mexicano'],No Todo Es Oro,44,0,169180,0,0.0184,0.533,0.515,0.0000105,7,0.102,-15.275,1,0.0418,145.304,4,0.345
2,Blues Boys,['rock urbano mexicano'],Cuarto para los Dos,41,0,232053,0,0.124,0.353,0.553,0.0000473,7,0.265,-13.596,1,0.0556,142.182,4,0.265
3,Blues Boys,['rock urbano mexicano'],Dulce Ivonne,35,0,214691,0,0.00396,0.393,0.516,0.00254,11,0.109,-14.563,0,0.0416,156.82,4,0.635
4,Blues Boys,['rock urbano mexicano'],Canción de Paz,28,0,236843,0,0.0244,0.404,0.354,0.00000443,0,0.323,-16.587,1,0.0285,117.213,4,0.565
5,Blues Boys,['rock urbano mexicano'],Yo Te Recuerdo,21,0,204614,0,0.0578,0.378,0.255,0.000292,0,0.108,-16.822,1,0.0323,167.709,4,0.221
6,Blues Boys,['rock urbano mexicano'],Quiéreme,19,0,218053,0,0.218,0.496,0.652,0.0000196,2,0.261,-9.428,0,0.0339,147.402,4,0.699
7,Blues Boys,['rock urbano mexicano'],La Ciudad,18,0,232385,0,0.0108,0.436,0.633,0.00172,9,0.155,-15.007,1,0.0694,166.36,4,0.433
8,Blues Boys,['rock urbano mexicano'],California,17,0,198706,0,0.094,0.283,0.642,0.0125,0,0.112,-14.088,1,0.0764,163.34,4,0.888
9,Blues Boys,['rock urbano mexicano'],Por Qué Te Amo,15,0,266040,0,0.0032,0.335,0.714,0,11,0.0669,-14.616,0,0.0685,140.236,4,0.631
0,Onie Wheeler,"['rockabilly', 'traditional rockabilly']",Walkin Shoes,24,0,132676,0,0.654,0.575,0.776,0,7,0.123,-8.132,1,0.043,93.699,4,0.94
1,Onie Wheeler,"['rockabilly', 'traditional rockabilly']",Goin' Back To The City,2,0,134360,0,0.783,0.543,0.836,0.000422,0,0.268,-2.922,1,0.0331,172.149,4,0.965
2,Onie Wheeler,"['rockabilly', 'traditional rockabilly']",Jump Right out of This Jukebox,4,0,139058,0,0.655,0.567,0.818,0,1,0.281,-10.404,0,0.0577,89.983,4,0.673
3,Onie Wheeler,"['rockabilly', 'traditional rockabilly']",White Lightning Cherokee,3,0,145600,0,0.872,0.483,0.745,0,7,0.733,-7.264,1,0.06,150.051,4,0.964
4,Onie Wheeler,"['rockabilly', 'traditional rockabilly']",Tell 'Em Off,1,0,115638,0,0.856,0.701,0.851,0.000142,0,0.211,-10.583,1,0.0452,148.354,4,0.844
5,Onie Wheeler,"['rockabilly', 'traditional rockabilly']",White Lightnin' Cherokee,0,0,152813,0,0.243,0.545,0.682,0,7,0.246,-6.796,1,0.0416,152.634,4,0.955
6,Onie Wheeler,"['rockabilly', 'traditional rockabilly']",Jump Right out of This Jukebox - Remastered,0,0,126089,0,0.809,0.484,0.552,0,0,0.591,-8.064,1,0.0341,117.867,3,0.671
0,Dorsey Burnette,"['rockabilly', 'traditional rockabilly']",Jimmy Brown,3,0,171613,0,0.345,0.621,0.596,0.000193,0,0.359,-9.897,1,0.066,162.166,4,0.831
1,Dorsey Burnette,"['rockabilly', 'traditional rockabilly']",Hey Little One,3,0,137013,0,0.905,0.421,0.17,0.000039,0,0.136,-13.848,1,0.0291,72.383,4,0.359
2,Dorsey Burnette,"['rockabilly', 'traditional rockabilly']",(There Was A) Tall Oak Tree,2,0,125946,0,0.463,0.602,0.411,0,7,0.235,-10.841,1,0.0558,134.25,4,0.719
3,Dorsey Burnette,"['rockabilly', 'traditional rockabilly']",Tall Oak Tree,4,0,131586,0,0.351,0.66,0.44,0.00511,7,0.0634,-14.423,1,0.0371,142.343,4,0.719
4,Dorsey Burnette,"['rockabilly', 'traditional rockabilly']",Great Shakin' Fever - Bonus Track,1,0,122186,0,0.654,0.684,0.742,0.00000347,4,0.125,-8.765,1,0.05,104.713,4,0.951
5,Dorsey Burnette,"['rockabilly', 'traditional rockabilly']",Everybody's Angel,3,0,105773,0,0.717,0.589,0.725,0,9,0.27,-8.563,1,0.0358,85.964,4,0.909
6,Dorsey Burnette,"['rockabilly', 'traditional rockabilly']",(It's No) Sin - Bonus Track,0,0,149626,0,0.739,0.549,0.36,0.0000308,5,0.196,-13.44,1,0.0351,126.647,4,0.842
7,Dorsey Burnette,"['rockabilly', 'traditional rockabilly']",Hey Little One,0,0,156533,0,0.411,0.413,0.338,0.0000488,0,0.237,-13.26,1,0.0282,71.218,4,0.446
8,Dorsey Burnette,"['rockabilly', 'traditional rockabilly']",Let's Fall In Love,1,0,134706,0,0.591,0.605,0.76,0.000111,9,0.177,-10.053,0,0.0535,165.859,4,0.595
9,Dorsey Burnette,"['rockabilly', 'traditional rockabilly']",Speak No Evil,1,0,119653,0,0.868,0.501,0.807,0,11,0.369,-11.889,0,0.073,78.713,4,0.713
0,Sid King & The Five Strings,"['rockabilly', 'traditional rockabilly']","Sag, Drag And Fall",16,0,137066,0,0.393,0.764,0.678,0,9,0.0713,-4.816,1,0.201,90.116,4,0.935
1,Sid King & The Five Strings,"['rockabilly', 'traditional rockabilly']",Let 'Er Roll - Remastered,6,0,156506,0,0.499,0.602,0.882,0,4,0.363,-6.739,1,0.053,76.794,4,0.884
2,Sid King & The Five Strings,"['rockabilly', 'traditional rockabilly']","Purr, Kitty, Purr - Remastered",4,0,190253,0,0.369,0.691,0.568,0.00000849,9,0.0759,-6.794,1,0.0824,166.336,4,0.807
3,Sid King & The Five Strings,"['rockabilly', 'traditional rockabilly']",When My Baby Left Me - Remastered,3,0,153133,0,0.482,0.517,0.521,0,5,0.0939,-7.743,1,0.0342,198.844,4,0.939
4,Sid King & The Five Strings,"['rockabilly', 'traditional rockabilly']","Purr, Kitty Purr",5,0,184640,0,0.418,0.731,0.679,0.00000125,9,0.123,-4.503,1,0.0601,84.271,4,0.799
5,Sid King & The Five Strings,"['rockabilly', 'traditional rockabilly']",Good Rockin' Baby,5,0,148906,0,0.842,0.762,0.523,0,7,0.196,-5.62,1,0.0322,134.037,4,0.732
6,Sid King & The Five Strings,"['rockabilly', 'traditional rockabilly']",Gonna Shake This Shack Tonight - Remastered,3,0,128639,0,0.51,0.771,0.579,0.0000219,4,0.0973,-7.523,0,0.0511,94.234,4,0.927
7,Sid King & The Five Strings,"['rockabilly', 'traditional rockabilly']","Sag, Drag and Fall - Remastered",2,0,141773,0,0.357,0.769,0.513,0,9,0.0777,-7.817,1,0.21,89.07,4,0.924
8,Sid King & The Five Strings,"['rockabilly', 'traditional rockabilly']",Sag Drag & Fall,1,0,137612,0,0.395,0.756,0.547,0,9,0.0929,-7.344,1,0.105,90.293,4,0.961
9,Sid King & The Five Strings,"['rockabilly', 'traditional rockabilly']",Ooby Dooby - Remastered,3,0,122493,0,0.711,0.622,0.577,0.0000065,0,0.0901,-6.631,1,0.0601,80.333,4,0.84
0,Kenny Parchman,"['rockabilly', 'vintage rockabilly']",Tennessee Zip,16,0,143533,0,0.765,0.634,0.817,0,7,0.108,-7.022,0,0.156,177.4,4,0.778
1,Kenny Parchman,"['rockabilly', 'vintage rockabilly']",I Feel Like Rockin',12,0,151480,0,0.714,0.669,0.701,0,9,0.0816,-11.122,1,0.0343,82.535,4,0.955
2,Kenny Parchman,"['rockabilly', 'vintage rockabilly']",Treat Me Right,9,0,150440,0,0.86,0.547,0.749,0.0223,4,0.303,-9.174,1,0.0635,158.623,4,0.688
3,Kenny Parchman,"['rockabilly', 'vintage rockabilly']",Love Crazy Baby,7,0,124840,0,0.781,0.65,0.809,0.0000034,10,0.054,-10.878,1,0.0602,177.636,4,0.876
4,Kenny Parchman,"['rockabilly', 'vintage rockabilly']",Get It Off Your Mind,5,0,145266,0,0.682,0.619,0.711,0.0000244,8,0.152,-9.686,1,0.0467,173.217,4,0.794
5,Kenny Parchman,"['rockabilly', 'vintage rockabilly']",You Call Everybody Darling,3,0,134253,0,0.411,0.704,0.68,0.00000737,3,0.204,-9.648,1,0.0492,100.034,4,0.763
6,Kenny Parchman,"['rockabilly', 'vintage rockabilly']",Love Crazy Baby - Alternate Version Take 2,2,0,130266,0,0.576,0.578,0.785,0.000569,2,0.1,-8.781,1,0.0427,162.873,4,0.822
7,Kenny Parchman,"['rockabilly', 'vintage rockabilly']",Treat Me Right,1,0,175200,0,0.534,0.588,0.623,0,0,0.158,-11.324,0,0.0338,78.086,4,0.718
8,Kenny Parchman,"['rockabilly', 'vintage rockabilly']",Love Crazy Baby - Alternate Version Take 3,0,0,126773,0,0.443,0.496,0.731,0.000618,9,0.0938,-10.097,1,0.0371,166.694,4,0.867
9,Kenny Parchman,"['rockabilly', 'vintage rockabilly']",Treat Me Right - Alternate Version Take 3,1,0,129253,0,0.186,0.515,0.81,0.00024,8,0.143,-8.612,0,0.115,171.238,4,0.488
0,Johnny Carroll,"['neo-rockabilly', 'rock-and-roll', 'rockabilly', 'traditional rockabilly']",Hot Rock,8,0,139080,0,0.542,0.863,0.787,0.000123,7,0.0425,-3.345,1,0.0455,105.641,4,0.969
1,Johnny Carroll,"['neo-rockabilly', 'rock-and-roll', 'rockabilly', 'traditional rockabilly']","Rock Baby, Rock It",3,0,142693,0,0.713,0.627,0.804,0.00001,0,0.121,-2.765,1,0.0858,97.471,4,0.924
2,Johnny Carroll,"['neo-rockabilly', 'rock-and-roll', 'rockabilly', 'traditional rockabilly']","Crazy, Crazy Lovin'",9,0,141226,0,0.684,0.837,0.878,0,9,0.0691,-3.074,1,0.0766,121.728,4,0.966
3,Johnny Carroll,"['neo-rockabilly', 'rock-and-roll', 'rockabilly', 'traditional rockabilly']",Tryin' to Get to You,3,0,155120,0,0.678,0.683,0.543,0,9,0.213,-3.103,1,0.0326,103.225,4,0.825
4,Johnny Carroll,"['neo-rockabilly', 'rock-and-roll', 'rockabilly', 'traditional rockabilly']",Crazy Crazy Lovin',7,0,121946,0,0.946,0.489,0.799,0.00765,11,0.158,-10.01,0,0.166,125.868,4,0.74
5,Johnny Carroll,"['neo-rockabilly', 'rock-and-roll', 'rockabilly', 'traditional rockabilly']",Rockin' Maybelle,6,0,91200,0,0.899,0.6,0.912,0,4,0.332,-7.191,1,0.0483,104.645,4,0.567
6,Johnny Carroll,"['neo-rockabilly', 'rock-and-roll', 'rockabilly', 'traditional rockabilly']","You Two Timed Me, Two Times Too Often",4,0,131413,0,0.377,0.519,0.724,0.0000259,4,0.265,-7.837,1,0.0413,108.713,4,0.784
7,Johnny Carroll,"['neo-rockabilly', 'rock-and-roll', 'rockabilly', 'traditional rockabilly']",Trudy,4,0,128080,0,0.749,0.397,0.779,0,7,0.0491,-6.913,1,0.0685,178.219,4,0.847
8,Johnny Carroll,"['neo-rockabilly', 'rock-and-roll', 'rockabilly', 'traditional rockabilly']",Be Bop A Lula Is Back On The Scene,4,0,111520,0,0.962,0.501,0.608,0.801,8,0.25,-9.716,1,0.0421,106.397,3,0.743
9,Johnny Carroll,"['neo-rockabilly', 'rock-and-roll', 'rockabilly', 'traditional rockabilly']",Hot Rock,2,0,134521,0,0.745,0.87,0.138,0.00000263,5,0.0546,-23.043,1,0.254,105.656,4,0.821
0,Sleepy LaBeef,"['rock-and-roll', 'rockabilly']",Good Rockin' Boogie,38,0,114906,0,0.451,0.611,0.714,0.866,9,0.157,-11.569,1,0.0383,88.735,4,0.974
1,Sleepy LaBeef,"['rock-and-roll', 'rockabilly']",All the Time,29,0,159094,0,0.335,0.545,0.705,0.862,9,0.117,-13.155,1,0.0417,112.082,4,0.95
2,Sleepy LaBeef,"['rock-and-roll', 'rockabilly']",Honey Hush,29,0,167162,0,0.593,0.513,0.756,0.72,9,0.27,-12.333,1,0.05,150.291,4,0.901
3,Sleepy LaBeef,"['rock-and-roll', 'rockabilly']",Hello Josephine,19,0,164250,0,0.0326,0.376,0.678,0.000168,2,0.0565,-16.815,1,0.111,188.552,4,0.857
4,Sleepy LaBeef,"['rock-and-roll', 'rockabilly']",Jack and Jill Boogie,8,0,137370,0,0.436,0.58,0.903,0.00177,1,0.314,-7.674,0,0.0433,99.926,4,0.963
5,Sleepy LaBeef,"['rock-and-roll', 'rockabilly']",Boogie Woogie Country Girl,14,0,148963,0,0.481,0.465,0.878,0.246,4,0.249,-7.58,1,0.048,192.564,4,0.962
6,Sleepy LaBeef,"['rock-and-roll', 'rockabilly']",Roll Over Beethoven,13,0,173426,0,0.127,0.474,0.873,0.406,9,0.11,-12.432,1,0.0601,185.734,4,0.961
7,Sleepy LaBeef,"['rock-and-roll', 'rockabilly']",Poke Salad Annie,13,0,335933,0,0.196,0.534,0.614,0.0874,9,0.118,-12.92,1,0.035,155.825,4,0.509
8,Sleepy LaBeef,"['rock-and-roll', 'rockabilly']",Me and Bobby McGee,12,0,170504,0,0.587,0.652,0.894,0.735,2,0.806,-12.055,1,0.0346,97.966,4,0.916
9,Sleepy LaBeef,"['rock-and-roll', 'rockabilly']",Too Much Monkey Business,10,0,124327,0,0.308,0.696,0.839,0.416,9,0.272,-10.646,1,0.071,96.766,4,0.579
0,The Brian Setzer Orchestra,"['heartland rock', 'rock-and-roll', 'rockabilly', 'swing']",Jump Jive An' Wail,47,0,172933,0,0.0311,0.638,0.811,0,8,0.144,-5.43,1,0.117,101.154,4,0.915
1,The Brian Setzer Orchestra,"['heartland rock', 'rock-and-roll', 'rockabilly', 'swing']",Americano,45,0,181066,0,0.0429,0.51,0.845,0.00192,9,0.964,-5.073,0,0.0725,100.984,4,0.856
2,The Brian Setzer Orchestra,"['heartland rock', 'rock-and-roll', 'rockabilly', 'swing']",Sleepwalk,41,0,229533,0,0.0479,0.388,0.507,0.694,0,0.093,-8.696,1,0.0295,97.268,3,0.37
3,The Brian Setzer Orchestra,"['heartland rock', 'rock-and-roll', 'rockabilly', 'swing']",Rock This Town,38,0,396653,0,0.0105,0.372,0.96,0.00317,7,0.352,-5.696,1,0.111,104.29,4,0.433
4,The Brian Setzer Orchestra,"['heartland rock', 'rock-and-roll', 'rockabilly', 'swing']",This Cat's On A Hot Tin Roof,34,0,139466,0,0.0171,0.535,0.904,0,0,0.365,-5.186,1,0.108,97.942,4,0.768
5,The Brian Setzer Orchestra,"['heartland rock', 'rock-and-roll', 'rockabilly', 'swing']",The Dirty Boogie,33,0,193626,0,0.00306,0.533,0.899,0,2,0.196,-7.001,1,0.144,98.423,4,0.686
6,The Brian Setzer Orchestra,"['heartland rock', 'rock-and-roll', 'rockabilly', 'swing']",This Old House,28,0,186906,0,0.0763,0.341,0.947,0,11,0.289,-5.968,0,0.123,202.354,4,0.75
7,The Brian Setzer Orchestra,"['heartland rock', 'rock-and-roll', 'rockabilly', 'swing']",You're The Boss,28,0,223506,0,0.0952,0.578,0.542,0,0,0.341,-8.417,1,0.0574,124.815,4,0.739
8,The Brian Setzer Orchestra,"['heartland rock', 'rock-and-roll', 'rockabilly', 'swing']",The House Is Rockin',27,0,181533,0,0.00594,0.354,0.987,0,0,0.725,-6.971,1,0.0853,169.922,4,0.621
9,The Brian Setzer Orchestra,"['heartland rock', 'rock-and-roll', 'rockabilly', 'swing']",Pennsylvania 6-5000,27,0,183866,0,0.00692,0.329,0.962,0.0000253,11,0.951,-5.218,0,0.201,186.813,4,0.645
0,FMK,"['trap argentino', 'trap latino', 'trap triste']",YO SE QUE TU (feat. Rusherking),80,1,193043,0,0.147,0.803,0.628,0.00000192,9,0.0461,-4.358,0,0.0536,92.021,4,0.661
1,FMK,"['trap argentino', 'trap latino', 'trap triste']",Prende la Cámara,75,1,148716,0,0.0616,0.867,0.682,0.000135,9,0.0816,-3.994,1,0.0951,91.996,4,0.798
2,FMK,"['trap argentino', 'trap latino', 'trap triste']",AYNEA REMIX,67,1,298604,0,0.0437,0.618,0.499,0,0,0.224,-5.368,1,0.0952,171.924,4,0.445
3,FMK,"['trap argentino', 'trap latino', 'trap triste']",Aunque Ya No Estés Aquí,66,1,206090,0,0.102,0.67,0.489,0,0,0.117,-6.543,1,0.0881,172.08,4,0.359
4,FMK,"['trap argentino', 'trap latino', 'trap triste']",Perdóname,60,1,163466,0,0.0345,0.697,0.413,0.0000243,10,0.106,-8.87,0,0.0395,130.121,4,0.123
5,FMK,"['trap argentino', 'trap latino', 'trap triste']",Ahora No (feat. Kodigo),59,1,199160,0,0.0339,0.647,0.484,0,9,0.0496,-9.76,0,0.0595,139.847,4,0.436
6,FMK,"['trap argentino', 'trap latino', 'trap triste']",Parte de Mi (feat. Lit Killah),56,1,194092,0,0.0874,0.615,0.471,0,8,0.101,-7.345,0,0.175,79.983,4,0.354
7,FMK,"['trap argentino', 'trap latino', 'trap triste']",TUYYO,54,1,183230,0,0.474,0.82,0.597,0.000012,8,0.0813,-4.558,0,0.17,89.913,4,0.672
8,FMK,"['trap argentino', 'trap latino', 'trap triste']",Perdóname (feat. Renzo Luca & Bizarrap) - Bizarrap Remix,52,1,175000,0,0.092,0.643,0.616,0,1,0.0965,-8.521,1,0.0317,129.992,4,0.164
9,FMK,"['trap argentino', 'trap latino', 'trap triste']",Pretinha,51,1,149622,0,0.337,0.808,0.514,0.0000011,7,0.105,-5.736,0,0.0916,171.982,4,0.775
0,Bliss Phenomena,[],Illuminous,56,1,187636,0,0.958,0.203,0.0247,0.798,2,0.0759,-27.602,1,0.0367,76.907,4,0.0398
1,Bliss Phenomena,[],Pillowside,54,1,215909,0,0.945,0.161,0.0443,0.806,7,0.107,-28.872,1,0.0403,64.398,3,0.0391
2,Bliss Phenomena,[],Geminism,46,0,232131,0,0.986,0.064,0.207,0.99,5,0.0736,-18.904,1,0.0366,67.249,5,0.0345
3,Bliss Phenomena,[],Holistic Transition,18,0,283636,0,0.934,0.15,0.174,0.862,5,0.165,-22.055,1,0.0381,140.231,4,0.0399
4,Bliss Phenomena,[],Relaxing Meditation,8,0,600948,0,0.609,0.0648,0.103,0.935,10,0.108,-24.258,1,0.0352,49.963,3,0.0914
0,Darell,"['latin', 'latin hip hop', 'reggaeton', 'reggaeton flow', 'trap latino']",Te Va Bien (with Arcangel & Becky G feat. Darell),74,1,281853,1,0.205,0.811,0.794,0.00000563,7,0.667,-7.202,1,0.216,99.942,4,0.872
1,Darell,"['latin', 'latin hip hop', 'reggaeton', 'reggaeton flow', 'trap latino']",Otro Trago,73,1,225933,1,0.136,0.746,0.7,0.000159,0,0.11,-4.669,1,0.341,176.044,4,0.619
2,Darell,"['latin', 'latin hip hop', 'reggaeton', 'reggaeton flow', 'trap latino']",Velitas,69,1,225542,1,0.225,0.819,0.596,0.00000119,2,0.138,-7.009,1,0.318,165.951,4,0.622
3,Darell,"['latin', 'latin hip hop', 'reggaeton', 'reggaeton flow', 'trap latino']",Elma Maria,67,1,196693,0,0.385,0.901,0.763,0.000086,11,0.31,-3.748,0,0.112,112.003,4,0.761
4,Darell,"['latin', 'latin hip hop', 'reggaeton', 'reggaeton flow', 'trap latino']",Te Boté,67,1,275693,0,0.401,0.918,0.602,0.00000728,4,0.0805,-3.986,0,0.115,96.518,4,0.158
5,Darell,"['latin', 'latin hip hop', 'reggaeton', 'reggaeton flow', 'trap latino']",B11 (feat. Myke Towers),65,1,251929,0,0.0672,0.759,0.717,0.000455,0,0.131,-5.014,1,0.115,99.946,4,0.195
6,Darell,"['latin', 'latin hip hop', 'reggaeton', 'reggaeton flow', 'trap latino']",Ta To Gucci (Remix),63,1,304859,1,0.383,0.73,0.648,0.000112,1,0.103,-6.405,0,0.378,187.991,4,0.675
7,Darell,"['latin', 'latin hip hop', 'reggaeton', 'reggaeton flow', 'trap latino']",Asesina - Original mix,60,1,187254,0,0.56,0.835,0.703,0,10,0.144,-4.177,0,0.231,94.211,4,0.502
8,Darell,"['latin', 'latin hip hop', 'reggaeton', 'reggaeton flow', 'trap latino']",Encendia,61,1,180349,1,0.116,0.875,0.609,0.000972,10,0.0553,-6.654,0,0.132,91.967,4,0.552
9,Darell,"['latin', 'latin hip hop', 'reggaeton', 'reggaeton flow', 'trap latino']",Perreito - Remix,60,1,212906,0,0.294,0.79,0.696,0.000215,0,0.318,-3.077,1,0.25,179.918,4,0.691
0,Matchbox Twenty,"['neo mellow', 'pop rock', 'post-grunge']",Push,71,1,238666,0,0.0067,0.42,0.672,0,6,0.108,-7.902,1,0.027,168.019,4,0.476
1,Matchbox Twenty,"['neo mellow', 'pop rock', 'post-grunge']",3AM,70,1,225946,0,0.00573,0.521,0.673,0,8,0.12,-8.685,1,0.0284,108.031,4,0.543
2,Matchbox Twenty,"['neo mellow', 'pop rock', 'post-grunge']",If You're Gone,65,1,274933,0,0.427,0.544,0.659,0.00000133,9,0.126,-7.191,1,0.0298,109.933,4,0.361
3,Matchbox Twenty,"['neo mellow', 'pop rock', 'post-grunge']",Unwell - 2007 Remaster,63,1,237266,0,0.0456,0.442,0.793,0,9,0.328,-5.152,1,0.0347,80.985,4,0.437
4,Matchbox Twenty,"['neo mellow', 'pop rock', 'post-grunge']",Real World,61,1,231693,0,0.00628,0.504,0.761,0,10,0.0892,-5.446,1,0.0437,117.999,4,0.884
5,Matchbox Twenty,"['neo mellow', 'pop rock', 'post-grunge']",Unwell,61,1,228706,0,0.0298,0.256,0.788,0,6,0.707,-5.263,0,0.0403,80.718,4,0.429
6,Matchbox Twenty,"['neo mellow', 'pop rock', 'post-grunge']",She's so Mean,60,1,232320,0,0.0136,0.672,0.875,0,0,0.279,-3.728,1,0.0378,118.014,4,0.676
7,Matchbox Twenty,"['neo mellow', 'pop rock', 'post-grunge']",How Far We've Come,60,1,212253,0,0.00452,0.566,0.906,0,0,0.21,-5.092,1,0.0642,83,4,0.787
8,Matchbox Twenty,"['neo mellow', 'pop rock', 'post-grunge']",Back 2 Good,56,1,340173,0,0.106,0.559,0.504,0,7,0.13,-9.455,1,0.0246,89.051,4,0.479
9,Matchbox Twenty,"['neo mellow', 'pop rock', 'post-grunge']",Bent,55,1,256133,0,0.0404,0.518,0.83,0.00000385,6,0.375,-6.814,0,0.0386,95.468,4,0.527
0,Fortunate Youth,"['jawaiian', 'reggae rock', 'west coast reggae']",Trippin,47,0,280032,0,0.0324,0.827,0.713,0,9,0.148,-5.948,0,0.0539,139.993,4,0.867
1,Fortunate Youth,"['jawaiian', 'reggae rock', 'west coast reggae']",Burn One,47,0,199426,0,0.0995,0.876,0.727,0.0000345,10,0.113,-4.106,0,0.069,140.19,4,0.938
2,Fortunate Youth,"['jawaiian', 'reggae rock', 'west coast reggae']",Around the World,42,0,183458,0,0.118,0.864,0.701,0.0000151,7,0.0953,-6.665,0,0.0897,142.992,4,0.941
3,Fortunate Youth,"['jawaiian', 'reggae rock', 'west coast reggae']",So Rebel,41,0,223921,0,0.475,0.677,0.538,0,0,0.168,-8.489,1,0.0629,80.068,4,0.732
4,Fortunate Youth,"['jawaiian', 'reggae rock', 'west coast reggae']",Sweet Sensi,41,0,358048,0,0.222,0.745,0.499,0,5,0.31,-7.528,1,0.0463,121.923,4,0.817
5,Fortunate Youth,"['jawaiian', 'reggae rock', 'west coast reggae']",Sweet Love,40,0,277133,0,0.407,0.865,0.648,0,8,0.185,-6.585,1,0.0383,138.038,4,0.955
6,Fortunate Youth,"['jawaiian', 'reggae rock', 'west coast reggae']",Love Is the Most High,39,0,242573,0,0.06,0.889,0.556,0.00018,4,0.0748,-7.956,0,0.0697,126.018,4,0.969
7,Fortunate Youth,"['jawaiian', 'reggae rock', 'west coast reggae']","Pass the Herb (feat. the Green & Marlon ""Ganja Farmer"" Asher)",38,0,259066,0,0.135,0.812,0.836,0.00000371,5,0.0624,-3.561,0,0.0768,125.992,4,0.904
8,Fortunate Youth,"['jawaiian', 'reggae rock', 'west coast reggae']",Left My Love in California,38,0,218237,0,0.0829,0.723,0.775,0,11,0.116,-3.807,1,0.0553,78.054,4,0.925
9,Fortunate Youth,"['jawaiian', 'reggae rock', 'west coast reggae']",Irie State (feat. Slightly Stoopid),36,0,219921,0,0.0056,0.778,0.674,0.000708,6,0.0871,-4.834,1,0.0346,126.023,4,0.857
0,ISIS,"['alternative metal', 'atmospheric post-metal', 'atmospheric sludge', 'drone metal', 'post-doom metal', 'post-metal', 'post-rock', 'sludge metal', 'stoner metal']",Low Tide,39,0,569000,0,0.0366,0.64,0.578,0.833,6,0.106,-9.367,0,0.0291,117.793,4,0.248
1,ISIS,"['alternative metal', 'atmospheric post-metal', 'atmospheric sludge', 'drone metal', 'post-doom metal', 'post-metal', 'post-rock', 'sludge metal', 'stoner metal']",So Did We,30,0,450866,0,0.000713,0.372,0.67,0.776,1,0.0702,-5.418,0,0.031,139.633,3,0.376
2,ISIS,"['alternative metal', 'atmospheric post-metal', 'atmospheric sludge', 'drone metal', 'post-doom metal', 'post-metal', 'post-rock', 'sludge metal', 'stoner metal']",In Fiction (Remastered),27,0,552514,0,0.0731,0.412,0.603,0.811,11,0.56,-9.207,0,0.0327,120.429,4,0.114
3,ISIS,"['alternative metal', 'atmospheric post-metal', 'atmospheric sludge', 'drone metal', 'post-doom metal', 'post-metal', 'post-rock', 'sludge metal', 'stoner metal']",The Beginning and the End,27,0,481585,0,0.00323,0.408,0.757,0.536,6,0.105,-5.97,0,0.0339,115.277,4,0.343
4,ISIS,"['alternative metal', 'atmospheric post-metal', 'atmospheric sludge', 'drone metal', 'post-doom metal', 'post-metal', 'post-rock', 'sludge metal', 'stoner metal']",Wills Dissolve (Remastered),25,0,414182,0,0.0196,0.343,0.456,0.758,9,0.671,-8.145,1,0.0321,115.924,5,0.059
5,ISIS,"['alternative metal', 'atmospheric post-metal', 'atmospheric sludge', 'drone metal', 'post-doom metal', 'post-metal', 'post-rock', 'sludge metal', 'stoner metal']",Backlit (Remastered),23,0,462481,0,0.000261,0.36,0.641,0.794,4,0.112,-6.202,1,0.0339,119.906,4,0.331
6,ISIS,"['alternative metal', 'atmospheric post-metal', 'atmospheric sludge', 'drone metal', 'post-doom metal', 'post-metal', 'post-rock', 'sludge metal', 'stoner metal']",Altered Course (Remastered),21,0,596920,0,0.0553,0.298,0.502,0.896,9,0.248,-7.709,1,0.0294,136.993,4,0.0811
7,ISIS,"['alternative metal', 'atmospheric post-metal', 'atmospheric sludge', 'drone metal', 'post-doom metal', 'post-metal', 'post-rock', 'sludge metal', 'stoner metal']",Carry,21,0,405247,0,0.0139,0.272,0.711,0.208,11,0.108,-4.841,0,0.0429,121.63,4,0.126
8,ISIS,"['alternative metal', 'atmospheric post-metal', 'atmospheric sludge', 'drone metal', 'post-doom metal', 'post-metal', 'post-rock', 'sludge metal', 'stoner metal']",Grinning Mouths (Remastered),20,0,506867,0,0.0000857,0.269,0.835,0.888,11,0.054,-4.277,0,0.0409,112.755,4,0.112
9,ISIS,"['alternative metal', 'atmospheric post-metal', 'atmospheric sludge', 'drone metal', 'post-doom metal', 'post-metal', 'post-rock', 'sludge metal', 'stoner metal']",Celestial (The tower),20,0,582330,0,0.000613,0.331,0.619,0.849,1,0.258,-9.403,1,0.0566,143.307,4,0.269
0,Tommy Sands,"['rock-and-roll', 'rockabilly']",Goin' Steady,26,0,156560,0,0.674,0.715,0.445,0,10,0.117,-8.748,1,0.0357,126.271,4,0.748
1,Tommy Sands,"['rock-and-roll', 'rockabilly']",The Worryin' Kind,23,0,152066,0,0.702,0.648,0.775,0.00325,11,0.0735,-9.028,0,0.0381,126.369,4,0.91
2,Tommy Sands,"['rock-and-roll', 'rockabilly']","The Parent Trap - From ""The Parent Trap""",21,0,137746,0,0.704,0.61,0.477,0,8,0.259,-10.638,1,0.0591,139.084,4,0.828
3,Tommy Sands,"['rock-and-roll', 'rockabilly']",There Were Roses,16,0,386706,0,0.933,0.409,0.162,0.0157,0,0.13,-17.853,1,0.0346,87.522,4,0.416
4,Tommy Sands,"['rock-and-roll', 'rockabilly']",Teen-Age Crush,16,0,143466,0,0.846,0.555,0.504,0,9,0.0525,-8.204,0,0.0277,88.813,4,0.645
5,Tommy Sands,"['rock-and-roll', 'rockabilly']","Where Have All the Flowers Gone""",15,0,382426,0,0.826,0.357,0.235,0.186,5,0.122,-13.475,1,0.0307,101.743,4,0.154
6,Tommy Sands,"['rock-and-roll', 'rockabilly']",Just a Whisper Away,13,0,224386,0,0.825,0.249,0.158,0.0000187,0,0.138,-18.412,0,0.0348,109.861,3,0.168
7,Tommy Sands,"['rock-and-roll', 'rockabilly']",Let's Get Together,11,0,130026,0,0.844,0.419,0.646,0,2,0.322,-7.026,1,0.0512,169.591,4,0.966
8,Tommy Sands,"['rock-and-roll', 'rockabilly']",Go to Sleep,8,0,126426,0,0.776,0.425,0.162,0,1,0.309,-17.594,1,0.0376,108.805,4,0.263
9,Tommy Sands,"['rock-and-roll', 'rockabilly']",09 Soda-Pop Pop.wav,2,0,120994,0,0.743,0.522,0.365,0,5,0.0678,-16.496,1,0.0793,170.641,4,0.915
0,Billy Brown,[],She's My Girl,11,0,204053,0,0.0128,0.496,0.644,0,0,0.0968,-4.446,1,0.0375,187.929,4,0.575
1,Billy Brown,[],Country Girl (Got That Booty),3,0,169186,0,0.0049,0.574,0.68,0.0000334,9,0.321,-4.325,1,0.0512,162.072,4,0.55
2,Billy Brown,[],Middle of a Country Night,3,0,196256,0,0.0236,0.472,0.846,0.0000026,1,0.148,-6.344,1,0.0634,142.031,4,0.574
3,Billy Brown,[],We Got (You & Me),2,0,170053,0,0.0635,0.577,0.713,0,7,0.0966,-5.268,1,0.12,162.159,4,0.415
4,Billy Brown,[],Natural,2,0,249553,0,0.138,0.624,0.66,0.0000762,6,0.254,-8.747,1,0.0267,135.093,4,0.201
5,Billy Brown,[],Country Roots,1,0,195858,0,0.00152,0.577,0.644,0.0846,7,0.354,-9.544,1,0.0293,140.094,4,0.406
6,Billy Brown,[],Worth It,1,0,228826,0,0.137,0.683,0.645,0,6,0.592,-5.258,1,0.0418,104.986,4,0.421
7,Billy Brown,[],Be With You,1,0,192752,0,0.00987,0.527,0.668,0,2,0.152,-6.022,1,0.0578,182.199,4,0.517
8,Billy Brown,[],Leave It Behind,1,0,277748,0,0.0427,0.52,0.667,0.0185,2,0.113,-5.507,1,0.0282,145.999,4,0.271
9,Billy Brown,[],Can I Tell Ya (feat. Gabby Mooney),0,0,255834,0,0.328,0.585,0.491,0,3,0.143,-10.29,1,0.0267,144.013,4,0.246
0,Jack Earls,"['rockabilly', 'traditional rockabilly']",Slow Down,12,0,137799,0,0.757,0.563,0.694,0.0197,1,0.0794,-7.104,1,0.0428,100.736,4,0.841
1,Jack Earls,"['rockabilly', 'traditional rockabilly']",Let's Bop,23,0,116227,0,0.719,0.602,0.702,0.0000987,5,0.254,-6.977,1,0.0606,109.457,4,0.753
2,Jack Earls,"['rockabilly', 'traditional rockabilly']",Game of Love (feat. The Sleazy Rustic Boys),7,0,120413,0,0.836,0.909,0.368,0.0000478,0,0.0688,-8.074,1,0.0426,111.817,4,0.821
3,Jack Earls,"['rockabilly', 'traditional rockabilly']",My Little Mama (feat. The Sleazy Rustic Boys),3,0,120200,0,0.833,0.838,0.9,0.000822,2,0.106,-5.002,1,0.0536,100.543,4,0.874
4,Jack Earls,"['rockabilly', 'traditional rockabilly']",A Fool for Loving You,3,0,163442,0,0.919,0.611,0.425,0.00163,4,0.418,-7.815,1,0.0266,107.838,4,0.627
5,Jack Earls,"['rockabilly', 'traditional rockabilly']",Baby Love (feat. The Sleazy Rustic Boys),3,0,157520,0,0.767,0.7,0.643,0,4,0.0586,-6.178,1,0.0345,115.506,4,0.87
6,Jack Earls,"['rockabilly', 'traditional rockabilly']",Honky Tonk (feat. The Sleazy Rustic Boys),3,0,161600,0,0.968,0.651,0.774,0.223,4,0.172,-5.134,0,0.051,123.055,4,0.869
7,Jack Earls,"['rockabilly', 'traditional rockabilly']",Take Me to That Place,1,0,136829,0,0.537,0.568,0.66,0.00093,9,0.0824,-11.583,1,0.0333,116.527,4,0.512
8,Jack Earls,"['rockabilly', 'traditional rockabilly']",Coming Back Home (feat. The Sleazy Rustic Boys),2,0,118986,0,0.759,0.834,0.635,0.0000164,9,0.34,-8.085,1,0.0643,96.084,4,0.947
9,Jack Earls,"['rockabilly', 'traditional rockabilly']",Trying to Find My Way (feat. The Sleazy Rustic Boys),2,0,153560,0,0.871,0.682,0.664,0.0000831,11,0.0813,-6.017,0,0.0405,122.186,4,0.869
0,The Collins Kids,"['rockabilly', 'traditional rockabilly']",Party,29,0,97226,0,0.744,0.513,0.75,0.0000925,2,0.0679,-10.726,1,0.109,169.096,4,0.779
1,The Collins Kids,"['rockabilly', 'traditional rockabilly']",Hoy Hoy,23,0,119040,0,0.515,0.835,0.951,0.00000114,7,0.061,-4.757,1,0.146,124.226,4,0.952
2,The Collins Kids,"['rockabilly', 'traditional rockabilly']","Hop, Skip and Jump - Remastered",18,0,114746,0,0.191,0.781,0.654,0,1,0.183,-7.708,0,0.17,98.512,4,0.734
3,The Collins Kids,"['rockabilly', 'traditional rockabilly']",Mercy - Remastered,13,0,124986,0,0.53,0.653,0.7,0.00000397,11,0.341,-7.056,0,0.0376,131.31,4,0.851
4,The Collins Kids,"['rockabilly', 'traditional rockabilly']",Hot Rod - Remastered,12,0,111560,0,0.485,0.56,0.741,0.0000136,4,0.358,-7.033,1,0.0457,167.237,4,0.976
5,The Collins Kids,"['rockabilly', 'traditional rockabilly']",Whistle Bait - Remastered,10,0,96320,0,0.0798,0.586,0.679,0.0116,0,0.314,-10.871,1,0.0628,94.49,4,0.81
6,The Collins Kids,"['rockabilly', 'traditional rockabilly']",Party - Remastered,10,0,99240,0,0.187,0.489,0.752,0.0000579,2,0.0676,-7.164,1,0.0995,170.25,4,0.876
7,The Collins Kids,"['rockabilly', 'traditional rockabilly']",Rock Boppin' Baby - Remastered,9,0,140746,0,0.394,0.657,0.577,0,0,0.312,-7.566,1,0.0419,115.256,4,0.616
8,The Collins Kids,"['rockabilly', 'traditional rockabilly']",Whistle Bait,9,0,95866,0,0.726,0.6,0.856,0.0134,0,0.294,-10.484,1,0.0814,94.238,4,0.79
9,The Collins Kids,"['rockabilly', 'traditional rockabilly']",Just Because - Remastered,6,0,115160,0,0.223,0.786,0.859,0,9,0.107,-6.527,1,0.0435,118.045,4,0.962
0,Barbara Pittman,"['rockabilly', 'traditional rockabilly']",I Need A Man,28,0,173773,0,0.57,0.603,0.509,0.00000555,6,0.293,-17.448,0,0.0343,77.628,4,0.813
1,Barbara Pittman,"['rockabilly', 'traditional rockabilly']",I'm Getting Better All The Time,13,0,172706,0,0.831,0.518,0.371,0,0,0.101,-17.56,1,0.0367,156.297,4,0.78
2,Barbara Pittman,"['rockabilly', 'traditional rockabilly']",Everlasting Love,11,0,118000,0,0.698,0.554,0.312,0.000253,3,0.0742,-17.37,1,0.0328,92.196,4,0.974
3,Barbara Pittman,"['rockabilly', 'traditional rockabilly']",Handsome Man,9,0,144226,0,0.71,0.444,0.2,0,10,0.255,-21.554,1,0.043,81.634,4,0.701
4,Barbara Pittman,"['rockabilly', 'traditional rockabilly']",Sentimental Fool,3,0,152413,0,0.714,0.722,0.344,0.000125,7,0.0863,-18.906,1,0.044,102.861,4,0.874
5,Barbara Pittman,"['rockabilly', 'traditional rockabilly']",Two Young Fools In Love,2,0,145186,0,0.865,0.417,0.0866,0.0000277,9,0.151,-22.007,1,0.0478,205.672,4,0.764
6,Barbara Pittman,"['rockabilly', 'traditional rockabilly']",Cold Cold Heart,2,0,156000,0,0.986,0.456,0.0195,0.0763,10,0.114,-21.916,1,0.0343,91.251,4,0.219
7,Barbara Pittman,"['rockabilly', 'traditional rockabilly']",No Matter Who's To Blame,2,0,164760,0,0.766,0.504,0.323,0,8,0.107,-17.335,1,0.038,113.349,3,0.594
8,Barbara Pittman,"['rockabilly', 'traditional rockabilly']",Sentimental Fool 2 - Remastered,1,0,153560,0,0.482,0.645,0.773,0.0000482,0,0.106,-9.248,1,0.0318,95.357,4,0.818
9,Barbara Pittman,"['rockabilly', 'traditional rockabilly']",Take My Sympathy,1,0,71986,0,0.683,0.585,0.0278,0,5,0.171,-20.197,1,0.056,133.668,4,0.658
0,Sonny Burgess,['texas country'],Cowboy Cool,31,0,227533,0,0.286,0.774,0.655,0.0000412,7,0.315,-6.619,1,0.0244,111.965,4,0.753
1,Sonny Burgess,['texas country'],Thunderbird,16,0,136530,0,0.317,0.398,0.917,0.0000129,9,0.0817,-5.802,1,0.0629,116.47,4,0.698
2,Sonny Burgess,['texas country'],Cowboy Cool,13,0,224480,0,0.182,0.719,0.634,0.000251,7,0.324,-5.273,1,0.0249,112.036,4,0.701
3,Sonny Burgess,['texas country'],Beer-I-Cide,11,0,224853,0,0.315,0.666,0.787,0,6,0.0807,-4.102,1,0.0644,148.073,4,0.867
4,Sonny Burgess,['texas country'],Girl Next Door,11,0,156373,0,0.408,0.669,0.774,0,7,0.271,-5.009,1,0.0384,146.158,4,0.823
5,Sonny Burgess,['texas country'],Red Headed Woman,1,0,124784,0,0.505,0.544,0.807,0.0000138,0,0.206,-10.484,1,0.0561,203.205,4,0.542
6,Sonny Burgess,['texas country'],When in Texas,8,0,153000,0,0.16,0.54,0.835,0,1,0.0383,-4.768,0,0.0472,185.583,5,0.949
7,Sonny Burgess,['texas country'],All Kinds of Beautiful,7,0,227320,0,0.544,0.549,0.515,0,0,0.0759,-5.702,1,0.0276,126.872,3,0.375
8,Sonny Burgess,['texas country'],It Must Have Been Somethin' I Said,6,0,171693,0,0.145,0.648,0.733,0,10,0.1,-4.293,1,0.0272,135.553,4,0.504
9,Sonny Burgess,['texas country'],Alone with You,5,0,234533,0,0.111,0.61,0.451,0,9,0.236,-7.885,1,0.0248,82.347,4,0.315
0,The Crystalites,['rock steady'],Illya Kuryakin,36,0,201213,0,0.162,0.593,0.367,0.878,7,0.202,-6.987,1,0.0428,170.846,4,0.904
1,The Crystalites,['rock steady'],Concentration,21,0,199066,0,0.0596,0.76,0.717,0.0885,11,0.346,-7.75,0,0.0338,129.391,4,0.677
2,The Crystalites,['rock steady'],Acid Version,17,0,153626,0,0.274,0.823,0.227,0.664,0,0.113,-11.515,1,0.133,133.837,4,0.542
3,The Crystalites,['rock steady'],Bombshell,17,0,188346,0,0.753,0.797,0.534,0.859,0,0.0459,-13.07,1,0.0614,82.939,4,0.945
4,The Crystalites,['rock steady'],Stranger In Town,16,0,172306,0,0.568,0.729,0.603,0.46,0,0.147,-11.48,1,0.282,88.486,4,0.972
5,The Crystalites,['rock steady'],Biafra,15,0,145933,0,0.31,0.669,0.513,0.802,7,0.0784,-11.25,1,0.0379,89.57,4,0.797
6,The Crystalites,['rock steady'],Let Me Down Easy,15,0,312960,0,0.664,0.793,0.547,0.307,7,0.124,-10.817,1,0.194,81.552,4,0.467
7,The Crystalites,['rock steady'],Bass and Drum Version,13,0,187960,0,0.539,0.756,0.58,0.868,8,0.123,-10.796,1,0.156,144.167,4,0.865
8,The Crystalites,['rock steady'],Lady Madonna,12,0,152693,0,0.509,0.554,0.533,0.76,3,0.335,-11.739,1,0.0361,159.983,4,0.933
9,The Crystalites,['rock steady'],Step Softly,12,0,221880,0,0.399,0.592,0.512,0.872,9,0.0788,-8.06,0,0.0674,182.243,4,0.561
0,The Slickers,"['reggae', 'rock steady']",Johnny Too Bad,48,0,183200,0,0.106,0.764,0.606,0.179,7,0.267,-8.754,1,0.155,165.795,4,0.717
1,The Slickers,"['reggae', 'rock steady']",Johnny Too Bad,32,0,189626,0,0.2,0.756,0.585,0.159,7,0.104,-8.698,1,0.201,163.773,4,0.642
2,The Slickers,"['reggae', 'rock steady']",You Can't Win,21,0,149986,0,0.438,0.738,0.607,0.111,8,0.0966,-8.682,1,0.137,79.219,4,0.971
3,The Slickers,"['reggae', 'rock steady']",Johnny To Bad,18,0,190426,0,0.545,0.734,0.611,0.0717,7,0.297,-10.568,1,0.112,81.964,4,0.803
4,The Slickers,"['reggae', 'rock steady']",Frying Pan,16,0,164840,0,0.444,0.8,0.551,0.00809,5,0.102,-9.077,1,0.0603,156.615,4,0.874
5,The Slickers,"['reggae', 'rock steady']",Give us a Break,12,0,230213,0,0.0128,0.763,0.825,0,6,0.397,-3.42,0,0.0665,136.225,4,0.492
6,The Slickers,"['reggae', 'rock steady']",Nana (Na Na),12,0,140771,0,0.184,0.78,0.441,0.527,3,0.112,-13.049,1,0.0691,154.854,4,0.833
7,The Slickers,"['reggae', 'rock steady']",Johnny Too Bad,11,0,202280,0,0.0016,0.731,0.776,0,8,0.078,-4.269,1,0.0428,130.926,4,0.756
8,The Slickers,"['reggae', 'rock steady']",I Want To Take A Chance,8,0,168520,0,0.719,0.834,0.52,0.000669,1,0.0954,-6.622,1,0.0325,112.161,4,0.961
9,The Slickers,"['reggae', 'rock steady']",Every Wolf,8,0,225560,0,0.000107,0.852,0.816,0.0000677,11,0.267,-5.096,1,0.0543,122.982,4,0.824
0,Jerry Harrison,['rock keyboard'],Wild Wild Life - 2005 Remaster,42,0,219813,0,0.0191,0.646,0.879,0,9,0.362,-5.406,1,0.03,137.413,4,0.957
1,Jerry Harrison,['rock keyboard'],Rev It Up,27,0,251466,0,0.0208,0.718,0.722,0.0135,9,0.0688,-13.75,1,0.0428,95.241,4,0.921
2,Jerry Harrison,['rock keyboard'],Radio Head - 2005 Remaster,33,0,212026,0,0.0478,0.649,0.943,0,7,0.354,-5.435,1,0.0418,122.903,4,0.973
3,Jerry Harrison,['rock keyboard'],Love for Sale - 2005 Remaster,28,0,271666,0,0.000845,0.655,0.891,0.00000131,9,0.284,-5.173,0,0.0567,136.525,4,0.936
4,Jerry Harrison,['rock keyboard'],People Like Us - 2005 Remaster,31,0,268093,0,0.231,0.575,0.737,0.0000176,7,0.0769,-4.854,1,0.0302,120.193,4,0.768
5,Jerry Harrison,['rock keyboard'],Dream Operator - 2005 Remaster,25,0,278733,0,0.597,0.601,0.568,0.0000621,0,0.164,-7.809,1,0.0249,139.776,3,0.419
6,Jerry Harrison,['rock keyboard'],City of Dreams - 2005 Remaster,24,0,307880,0,0.0439,0.599,0.63,0.00602,2,0.17,-6.742,1,0.0238,96.611,4,0.608
7,Jerry Harrison,['rock keyboard'],Puzzlin' Evidence - 2005 Remaster,23,0,324026,0,0.0468,0.533,0.975,0.0000244,5,0.152,-6.078,1,0.0527,154.342,4,0.827
8,Jerry Harrison,['rock keyboard'],Hey Now - 2005 Remaster,23,0,221920,0,0.111,0.784,0.953,0.000407,9,0.251,-5.76,1,0.054,130.595,4,0.968
9,Jerry Harrison,['rock keyboard'],Wild Wild Life - Extended Mix; 2005 Remaster,22,0,330480,0,0.00333,0.619,0.968,0.0094,2,0.372,-4.818,1,0.0456,137.423,4,0.913
0,Dawn Penn,['rock steady'],"You Don't Love Me (No, No, No) - Extended Mix",62,1,277893,0,0.0122,0.811,0.428,0.317,7,0.344,-10.728,1,0.221,80.962,4,0.653
1,Dawn Penn,['rock steady'],"No,no,no - You Don't Love Me- No, No, No",41,0,224270,0,0.554,0.78,0.116,0.00197,7,0.279,-21.276,1,0.123,84.061,4,0.652
2,Dawn Penn,['rock steady'],You Don't Love Me (No No No),25,0,213280,0,0.00672,0.805,0.589,0.00933,4,0.257,-6.003,0,0.105,80.981,4,0.77
3,Dawn Penn,['rock steady'],No No No,36,0,269506,0,0.573,0.804,0.412,0.884,6,0.16,-10.373,1,0.0508,146.676,4,0.391
4,Dawn Penn,['rock steady'],Night and Day,32,0,295466,0,0.0265,0.735,0.673,0.00371,5,0.11,-9.013,0,0.0301,131.044,4,0.812
5,Dawn Penn,['rock steady'],"You Don't Love Me (No, No, No)",19,0,200346,0,0.00747,0.79,0.436,0.0239,7,0.333,-10.918,1,0.155,80.976,4,0.711
6,Dawn Penn,['rock steady'],You Don't Love Me (No No No),27,0,312813,0,0.0566,0.821,0.576,0.00204,7,0.354,-6.456,1,0.168,76.05,4,0.412
7,Dawn Penn,['rock steady'],My Love Takes Over,25,0,237506,0,0.00264,0.681,0.679,0.00219,1,0.317,-10.216,1,0.0456,161.906,4,0.84
8,Dawn Penn,['rock steady'],"You Don't Love Me (No, No, No) - Remix",23,0,313266,0,0.00011,0.631,0.662,0.511,4,0.122,-11.61,0,0.0427,162.03,4,0.545
9,Dawn Penn,['rock steady'],The First Cut Is the Deepest,22,0,267066,0,0.00181,0.834,0.462,0.0338,6,0.0981,-8.945,0,0.0446,94.822,4,0.644
0,Ray Manzarek,['rock keyboard'],Too Close To The Sun,17,0,438826,0,0.000658,0.557,0.585,0.759,2,0.102,-7.319,1,0.0244,79.983,4,0.142
1,Ray Manzarek,['rock keyboard'],Solar Boat,13,0,346933,0,0.237,0.59,0.594,0.0212,11,0.0723,-9.418,1,0.0338,117.338,4,0.653
2,Ray Manzarek,['rock keyboard'],"Destiny: Ruler Of The World – The Wheel Of Fortune, I",13,0,185933,0,0.0086,0.676,0.448,0.179,9,0.279,-15.039,0,0.0318,131.161,4,0.825
3,Ray Manzarek,['rock keyboard'],Riders on the Storm,13,0,300036,0,0.351,0.614,0.839,0.525,2,0.178,-4.781,1,0.0304,104.969,4,0.653
4,Ray Manzarek,['rock keyboard'],He Can't Come Today,11,0,272066,0,0.0223,0.572,0.86,0.000234,6,0.065,-8.412,1,0.0725,123.672,4,0.733
5,Ray Manzarek,['rock keyboard'],The Golden Scarab,10,0,389253,0,0.261,0.653,0.532,0.228,11,0.0751,-12.342,1,0.0869,160.7,4,0.739
6,Ray Manzarek,['rock keyboard'],I Could Be Anything,10,0,274640,0,0.774,0.661,0.491,0.434,4,0.0793,-11.98,0,0.049,155.982,4,0.56
7,Ray Manzarek,['rock keyboard'],Destiny: Ruler Of The World – The Wounds Of Fate,9,0,224253,0,0.00359,0.644,0.584,0.239,0,0.0714,-13.028,1,0.0304,131.243,4,0.777
8,Ray Manzarek,['rock keyboard'],Hurricane,9,0,267506,0,0.666,0.671,0.783,0.00923,8,0.217,-6.031,1,0.0361,139.172,4,0.963
9,Ray Manzarek,['rock keyboard'],The Purpose Of Existence Is?,9,0,385600,0,0.224,0.444,0.578,0.00133,6,0.12,-8.88,1,0.0534,82.441,4,0.232
